-1.6184803,1.043872,9.14585,2
-1.7238252,0.50757074,9.519346,2
-1.6376339,0.2681506,9.758766,2
-1.532289,0.38307226,9.710882,2
-1.5801731,0.7661445,9.557653,2
-1.6663644,1.0055647,9.433155,2
-1.685518,1.2162545,9.346964,2
-1.7046716,0.91937345,9.557653,2
-1.6472107,0.46926352,9.653421,2
-1.6663644,0.51714754,9.988609,2
-1.6472107,0.7278373,9.854534,2
-1.7046716,0.6607997,9.835381,2
-1.7525556,0.545878,9.80665,2
-1.7046716,0.7086837,9.768343,2
-1.6472107,0.7086837,9.682152,2
-1.6567876,0.545878,9.490616,2
-1.733402,0.545878,9.56723,2
-1.7046716,0.641646,9.423578,2
-1.6950948,0.7278373,9.394848,2
-1.6950948,0.8810662,9.519346,2
-1.7238252,0.90979666,9.471462,2
-1.6376339,0.93852705,9.442732,2
-1.6280571,0.94810385,9.471462,2
-1.6472107,0.94810385,9.615114,2
-1.6184803,0.91937345,9.5385,2
-1.5801731,0.8619126,9.595961,2
-1.5705963,0.81402856,9.691729,2
-1.6280571,0.78529817,9.720459,2
-1.6089035,0.7469909,9.768343,2
-1.6184803,0.6895301,9.730036,2
-1.6472107,0.6703765,9.825804,2
-1.733402,0.6799533,9.998186,2
-1.7908629,0.6703765,10.01734,2
-1.7525556,0.6512229,9.883265,2
-1.7142484,0.6703765,9.873688,2
-1.7812861,0.6895301,10.04607,2
-1.7908629,0.6991069,10.007763,2
-1.6663644,0.6703765,9.720459,2
-1.6472107,0.7278373,9.77792,2
-1.733402,0.7757214,9.921572,2
-1.7238252,0.7374141,9.787497,2
-1.5993267,0.7182605,9.643845,2
-1.5897499,0.7469909,9.691729,2
-1.6950948,0.82360536,9.816227,2
-1.7046716,0.82360536,9.720459,2
-1.5897499,0.81402856,9.481039,2
-1.6280571,0.90979666,9.471462,2
-1.7046716,0.7565677,9.701305,2
-1.6184803,0.6991069,9.519346,2
-1.6280571,0.58418524,9.5385,2
-1.733402,0.2681506,9.835381,2
-1.6663644,0.30645782,9.80665,2
-1.6376339,0.7086837,9.749189,2
-1.685518,0.7374141,9.701305,2
-1.6663644,0.5267244,10.01734,2
-1.6950948,0.7278373,10.0748005,2
-1.733402,1.2449849,9.643845,2
-1.7717092,1.1587936,9.481039,2
-1.7238252,0.6703765,9.528923,2
-1.6759412,0.58418524,9.500193,2
-1.6759412,0.8810662,9.662998,2
-1.6376339,0.8619126,9.768343,2
-1.6184803,0.5267244,9.816227,2
-1.6280571,0.45010993,9.77792,2
-1.7046716,0.641646,9.634268,2
-1.733402,0.78529817,9.576807,2
-1.733402,0.8523358,9.557653,2
-1.6950948,0.80445176,9.624691,2
-1.685518,0.59376204,9.701305,2
-1.6376339,0.45968673,9.653421,2
-1.6950948,0.48841715,9.672575,2
-1.6663644,0.50757074,9.56723,2
-1.6663644,0.49799395,9.461885,2
-1.6663644,0.4405331,9.423578,2
-1.7621324,0.51714754,9.730036,2
-1.7238252,0.6991069,9.969456,2
-1.7429788,0.89064306,9.998186,2
-1.7717092,0.8331822,9.768343,2
-1.685518,0.5746084,9.5385,2
-1.6376339,0.7086837,9.404425,2
-1.6663644,0.9672575,9.471462,2
-1.6759412,0.94810385,9.56723,2
-1.6280571,0.63206923,9.595961,2
-1.6184803,0.48841715,9.662998,2
-1.6567876,0.40222588,9.864111,2
-1.541866,0.641646,9.662998,2
-1.5897499,0.8810662,9.576807,2
-1.7525556,0.81402856,9.710882,2
-1.7429788,0.62249243,9.720459,2
-1.6472107,0.7565677,9.701305,2
-1.5705963,0.91937345,9.605537,2
-1.5897499,0.6799533,9.56723,2
-1.733402,0.5650316,9.854534,2
-1.733402,0.7661445,9.730036,2
-1.6663644,0.8714894,9.595961,2
-1.6950948,0.9864111,9.643845,2
-1.6567876,0.78529817,9.730036,2
-1.541866,0.51714754,9.586384,2
-1.5705963,0.5650316,9.471462,2
-1.6280571,0.61291564,9.662998,2
-1.5897499,0.60333884,9.624691,2
-1.7046716,0.6799533,9.710882,2
-1.7621324,0.6703765,10.036493,2
-1.7429788,0.58418524,9.883265,2
-1.6567876,0.45010993,9.921572,2
-1.5705963,0.5267244,9.452309,2
-1.5610195,0.51714754,9.3661175,2
-1.6376339,0.641646,9.471462,2
-1.6567876,1.0055647,9.634268,2
-1.6950948,1.5705963,9.835381,2
-1.8195933,1.091756,9.892841,2
-1.7621324,0.30645782,9.883265,2
-1.6759412,0.25857377,9.730036,2
-1.484405,0.61291564,9.461885,2
-1.685518,0.82360536,9.710882,2
-1.8100165,0.6895301,9.739613,2
-1.8004397,0.7469909,9.701305,2
-1.6472107,0.6703765,9.634268,2
-1.6280571,0.50757074,9.605537,2
-1.6567876,0.5746084,9.710882,2
-1.6376339,0.7086837,9.662998,2
-1.7142484,0.8810662,9.787497,2
-1.7142484,0.9768343,9.548077,2
-1.7142484,0.842759,9.519346,2
-1.733402,0.842759,9.864111,2
-1.5514427,0.7757214,9.586384,2
-1.6376339,0.7086837,9.605537,2
-1.6759412,0.60333884,9.452309,2
-1.8100165,0.45968673,9.720459,2
-1.6950948,0.63206923,9.77792,2
-1.6089035,0.79487497,9.557653,2
-1.6472107,0.6895301,9.758766,2
-1.7238252,0.4405331,10.0748005,2
-1.5705963,0.12449849,10.04607,2
-1.436521,0.6703765,9.423578,2
-1.5993267,1.2737153,9.394848,2
-1.8100165,1.2737153,9.615114,2
-1.7429788,0.6799533,9.662998,2
-1.6759412,0.50757074,9.77792,2
-1.5801731,0.7182605,9.844957,2
-1.541866,0.6991069,9.662998,2
-1.7142484,0.58418524,9.883265,2
-1.8004397,0.8619126,9.902418,2
-1.6472107,1.0342951,9.691729,2
-1.685518,0.81402856,9.605537,2
-1.6567876,0.545878,9.643845,2
-1.7142484,0.51714754,9.921572,2
-1.5897499,0.38307226,9.80665,2
-1.436521,0.41180268,9.471462,2
-1.6184803,0.5746084,9.404425,2
-1.8483237,0.6703765,9.452309,2
-1.8866309,0.89064306,9.404425,2
-1.8579005,0.90021986,9.481039,2
-1.7142484,0.7565677,9.739613,2
-1.5993267,0.62249243,9.816227,2
-1.6089035,0.59376204,9.931149,2
-1.6472107,0.6607997,9.643845,2
-1.7525556,0.61291564,9.653421,2
-1.733402,0.6991069,9.56723,2
-1.5514427,0.6799533,9.289502,2
-1.6280571,0.641646,9.346964,2
-1.6950948,0.6512229,9.481039,2
-1.6280571,0.5746084,9.481039,2
-1.6950948,0.46926352,9.768343,2
-1.5514427,0.5363012,9.595961,2
-1.5993267,0.6991069,9.634268,2
-1.7717092,0.8523358,9.844957,2
-1.7142484,0.8523358,9.998186,2
-1.5993267,0.6703765,9.9790325,2
-1.532289,0.60333884,9.56723,2
-1.436521,0.6991069,9.279925,2
-1.6567876,0.8523358,9.3661175,2
-1.8770541,0.82360536,9.672575,2
-1.7621324,0.7278373,9.758766,2
-1.5897499,0.59376204,9.720459,2
-1.4748282,0.2873042,9.682152,2
-1.5131354,0.24899697,9.643845,2
-1.7142484,0.80445176,9.749189,2
-1.6663644,0.9959879,9.615114,2
-1.7812861,1.0821792,9.662998,2
-1.8387469,1.0151415,9.797073,2
-1.6472107,0.7374141,9.634268,2
-1.5227122,0.58418524,9.528923,2
-1.6280571,0.6991069,9.595961,2
-1.6759412,0.7182605,9.500193,2
-1.7046716,0.7182605,9.528923,2
-1.7908629,1.0151415,9.768343,2
-1.7046716,0.9576807,9.816227,2
-1.7238252,0.6607997,9.854534,2
-1.6376339,0.50757074,9.77792,2
-1.7429788,0.48841715,9.864111,2
-1.6376339,0.6895301,9.835381,2
-1.6663644,0.79487497,9.730036,2
-1.6376339,0.842759,9.500193,2
-1.7429788,0.7565677,9.576807,2
-1.7142484,0.7278373,9.672575,2
-1.6280571,0.5746084,9.720459,2
-1.5801731,0.45968673,9.768343,2
-1.6950948,0.5554548,9.720459,2
-1.8004397,0.5650316,9.691729,2
-1.7717092,0.59376204,9.672575,2
-1.5897499,0.6991069,9.548077,2
-1.5897499,0.7757214,9.624691,2
-1.6376339,0.60333884,9.739613,2
-1.6759412,0.4309563,9.720459,2
-1.7525556,0.545878,9.701305,2
-1.6663644,0.6607997,9.548077,2
-1.5897499,0.641646,9.615114,2
-1.532289,0.50757074,9.653421,2
-1.6280571,0.34476504,9.797073,2
-1.6759412,0.6607997,9.892841,2
-1.6089035,0.842759,9.691729,2
-1.5897499,0.82360536,9.442732,2
-1.6472107,0.91937345,9.519346,2
-1.6759412,0.79487497,9.586384,2
-1.5705963,0.6512229,9.615114,2
-1.6376339,0.49799395,9.873688,2
-1.685518,0.545878,9.892841,2
-1.685518,0.6991069,9.758766,2
-1.6280571,0.6799533,9.758766,2
-1.5801731,0.7182605,9.739613,2
-1.6089035,0.8523358,9.662998,2
-1.7046716,0.79487497,9.749189,2
-1.6950948,0.7757214,9.691729,2
-1.5993267,0.7661445,9.682152,2
-1.6376339,0.7182605,9.720459,2
-1.6663644,0.7278373,9.797073,2
-1.7812861,0.6607997,9.873688,2
-1.685518,0.6895301,9.691729,2
-1.6663644,0.8619126,9.595961,2
-1.6759412,0.89064306,9.768343,2
-1.7238252,0.7469909,9.787497,2
-1.7908629,0.6607997,9.969456,2
-1.6759412,0.8810662,9.835381,2
-1.6759412,0.80445176,9.768343,2
-1.6759412,0.60333884,9.701305,2
-1.8004397,0.7278373,9.595961,2
-1.7812861,1.0151415,9.56723,2
-1.7621324,1.1013328,9.634268,2
-1.6950948,0.58418524,9.883265,2
-1.6376339,0,10.151415,2
-1.5801731,0.22026655,10.084377,2
-1.5610195,0.8810662,9.787497,2
-1.733402,1.1683705,9.394848,2
-1.7908629,1.0726024,9.346964,2
-1.7621324,0.7661445,9.691729,2
-1.6759412,0.641646,9.988609,2
-1.532289,0.545878,9.873688,2
-1.7429788,0.4405331,9.864111,2
-1.6472107,0.45010993,9.557653,2
-1.8004397,0.7565677,9.758766,2
-1.7429788,1.13964,9.720459,2
-1.685518,1.0055647,9.739613,2
-1.6759412,0.50757074,9.797073,2
-1.5993267,0.22026655,9.548077,2
-1.7525556,0.39264908,10.036493,2
-1.7525556,0.8714894,9.864111,2
-1.6950948,1.0630256,9.653421,2
-1.8770541,0.92895025,9.911995,2
-1.7046716,0.6512229,9.701305,2
-1.5993267,0.545878,9.634268,2
-1.5610195,0.63206923,9.80665,2
-1.5993267,0.6799533,9.605537,2
-1.7046716,0.9672575,9.519346,2
-1.8195933,0.8619126,9.509769,2
-1.7525556,0.50757074,9.5385,2
-1.7812861,0.47884035,9.787497,2
-1.7429788,0.641646,9.911995,2
-1.733402,0.5746084,9.816227,2
-1.7525556,0.49799395,9.720459,2
-1.8483237,0.5363012,9.797073,2
-1.7238252,0.6895301,9.624691,2
-1.5705963,0.7661445,9.414001,2
-1.6663644,0.80445176,9.509769,2
-1.6472107,0.63206923,9.5385,2
-1.6759412,0.5554548,9.624691,2
-1.6567876,0.49799395,9.576807,2
-1.7717092,0.50757074,9.643845,2
-1.7429788,0.63206923,9.605537,2
-1.5705963,0.7278373,9.471462,2
-1.6567876,0.82360536,9.77792,2
-1.5610195,0.82360536,9.672575,2
-1.6184803,0.6512229,9.950302,2
-1.6663644,0.7278373,10.132261,2
-1.685518,1.1492168,9.672575,2
-1.6759412,1.2449849,9.32781,2
-1.7812861,0.8810662,9.346964,2
-1.6759412,0.4309563,9.56723,2
-1.7238252,0.60333884,10.103531,2
-1.6376339,0.7182605,10.01734,2
-1.6376339,0.45968673,10.036493,2
-1.7908629,0.25857377,10.180145,2
-1.5610195,0.38307226,9.77792,2
-1.5705963,0.7086837,9.471462,2
-1.3599066,0.7757214,9.308656,2
-1.4556746,0.7086837,9.5385,2
-1.5514427,0.6895301,9.643845,2
-1.6089035,0.78529817,9.56723,2
-1.4556746,0.7086837,9.251195,2
-1.484405,0.7086837,9.375694,2
-1.4173675,0.7182605,9.5385,2
-1.5131354,0.61291564,9.548077,2
-1.6089035,0.50757074,9.653421,2
-1.6184803,0.63206923,9.9790325,2
-1.4652514,0.7374141,10.055647,2
-1.4077905,0.5650316,9.921572,2
-1.532289,0.47884035,9.557653,2
-1.7238252,0.63206923,9.404425,2
-1.6280571,0.8714894,9.337387,2
-1.4939818,1.0151415,9.528923,2
-1.4269443,0.8810662,9.883265,2
-1.4939818,0.63206923,9.940725,2
-1.5610195,0.6895301,9.739613,2
-1.7812861,1.0342951,9.825804,2
-1.6184803,1.13964,9.749189,2
-1.5035586,1.0534488,9.911995,2
-1.3599066,0.94810385,9.844957,2
-1.4748282,0.8810662,9.797073,2
-1.5705963,0.7182605,9.662998,2
-1.6663644,0.59376204,9.653421,2
-1.4556746,0.31603462,9.643845,2
-1.3503298,0.39264908,9.528923,2
-1.2737153,0.7278373,9.346964,2
-1.5705963,0.7182605,9.710882,2
-1.5131354,0.45968673,9.892841,2
-1.4939818,0.60333884,9.988609,2
-1.532289,0.8810662,10.055647,2
-1.5514427,0.8619126,9.80665,2
-1.4556746,0.8619126,9.528923,2
-1.4269443,0.8331822,9.500193,2
-1.5035586,0.7374141,9.56723,2
-1.4269443,0.6799533,9.691729,2
-1.388637,0.6607997,9.653421,2
-1.436521,0.5650316,9.643845,2
-1.4939818,0.58418524,9.701305,2
-1.4652514,0.60333884,9.691729,2
-1.484405,0.7565677,9.739613,2
-1.532289,0.8523358,9.931149,2
-1.532289,0.6895301,9.931149,2
-1.4939818,0.7182605,9.80665,2
-1.4556746,1.0534488,9.557653,2
-1.4460979,1.0342951,9.32781,2
-1.4460979,0.6512229,9.394848,2
-1.5227122,0.641646,9.710882,2
-1.4652514,0.8810662,9.615114,2
-1.436521,0.78529817,9.768343,2
-1.3694834,0.59376204,9.615114,2
-1.4460979,0.6512229,9.624691,2
-1.4939818,0.7469909,9.519346,2
-1.6184803,0.842759,9.749189,2
-1.484405,0.9768343,9.662998,2
-1.4269443,0.7757214,9.672575,2
-1.4460979,0.5363012,9.844957,2
-1.3311762,0.49799395,9.787497,2
-1.388637,0.7086837,9.653421,2
-1.532289,0.8714894,9.691729,2
-1.541866,0.8714894,9.500193,2
-1.484405,0.9768343,9.634268,2
-1.3694834,0.8619126,9.662998,2
-1.3599066,0.5746084,9.576807,2
-1.4748282,0.39264908,9.768343,2
-1.532289,0.095768064,9.825804,2
-1.4652514,0.36391866,9.701305,2
-1.484405,0.842759,9.682152,2
-1.4748282,0.8714894,9.643845,2
-1.5514427,0.81402856,9.576807,2
-1.5514427,0.89064306,9.768343,2
-1.5514427,1.0342951,9.969456,2
-1.436521,0.89064306,9.998186,2
-1.3503298,0.6512229,9.797073,2
-1.5035586,0.79487497,9.461885,2
-1.5705963,1.1300632,9.3182335,2
-1.4939818,1.0534488,9.5385,2
-1.2737153,0.6991069,9.758766,2
-1.340753,0.4213795,9.969456,2
-1.4652514,0.18195933,10.065224,2
-1.5610195,0.50757074,9.662998,2
-1.5035586,1.0342951,9.270349,2
-1.3982137,1.0342951,9.097966,2
-1.436521,0.61291564,9.490616,2
-1.4556746,0.5363012,9.835381,2
-1.532289,0.6703765,10.0748005,2
-1.5705963,0.40222588,10.055647,2
-1.5514427,0.22026655,10.036493,2
-1.4748282,0.63206923,9.710882,2
-1.3311762,1.0247183,9.519346,2
-1.388637,1.2641385,9.490616,2
-1.4939818,1.0726024,9.490616,2
-1.6759412,0.6703765,9.730036,2
-1.5035586,0.5554548,9.624691,2
-1.4269443,0.7661445,9.682152,2
-1.3790601,0.8714894,9.701305,2
-1.4556746,0.7278373,9.643845,2
-1.5801731,0.79487497,9.682152,2
-1.5035586,0.8331822,9.758766,2
-1.4269443,0.7278373,9.825804,2
-1.484405,0.7374141,9.739613,2
-1.5514427,0.7565677,9.5385,2
-1.6089035,0.8714894,9.864111,2
-1.436521,0.7661445,9.787497,2
-1.340753,0.6799533,9.691729,2
-1.4939818,0.7565677,9.682152,2
-1.6280571,0.8714894,9.710882,2
-1.5131354,0.82360536,9.615114,2
-1.4556746,0.91937345,9.672575,2
-1.3503298,0.842759,9.816227,2
-1.3790601,0.7374141,9.892841,2
-1.4077905,0.78529817,9.557653,2
-1.5897499,0.8810662,9.691729,2
-1.541866,0.842759,9.653421,2
-1.484405,0.7469909,9.576807,2
-1.4269443,0.78529817,9.56723,2
-1.4460979,0.6799533,9.548077,2
-1.4748282,0.5554548,9.892841,2
-1.4556746,0.39264908,9.883265,2
-1.4652514,0.45968673,9.739613,2
-1.4556746,0.641646,9.797073,2
-1.4173675,0.7086837,9.682152,2
-1.4652514,0.7661445,9.749189,2
-1.5131354,0.7374141,9.730036,2
-1.5610195,0.82360536,9.749189,2
-1.5227122,0.94810385,9.586384,2
-1.3982137,0.6703765,9.490616,2
-1.4748282,0.5650316,9.615114,2
-1.4269443,0.6799533,9.624691,2
-1.4939818,0.6895301,9.595961,2
-1.532289,0.7374141,9.720459,2
-1.5227122,0.94810385,9.77792,2
-1.5514427,0.9672575,9.825804,2
-1.5993267,0.81402856,9.797073,2
-1.5610195,0.90979666,9.787497,2
-1.4269443,0.8523358,9.825804,2
-1.3790601,0.6512229,9.787497,2
-1.4556746,0.61291564,9.749189,2
-1.5897499,0.7757214,9.643845,2
-1.4460979,0.80445176,9.433155,2
-1.3982137,0.641646,9.519346,2
-1.388637,0.6703765,9.576807,2
-1.4556746,0.90021986,9.643845,2
-1.5610195,0.93852705,9.80665,2
-1.5514427,0.6991069,9.768343,2
-1.532289,0.641646,9.873688,2
-1.3694834,0.6991069,9.682152,2
-1.5035586,0.6895301,9.758766,2
-1.5610195,0.58418524,9.500193,2
-1.5705963,0.641646,9.11712,2
-1.5705963,0.6799533,9.385271,2
-1.4939818,0.50757074,9.749189,2
-1.4556746,0.35434186,10.0269165,2
-1.6567876,0.6607997,10.160992,2
-1.7046716,0.80445176,9.902418,2
-1.7429788,0.7565677,9.720459,2
-1.6376339,0.6607997,9.414001,2
-1.5131354,0.63206923,9.490616,2
-1.484405,0.6703765,9.442732,2
-1.4556746,0.61291564,9.519346,2
-1.6759412,0.5554548,9.768343,2
-1.7812861,0.34476504,9.883265,2
-1.8674773,0.45968673,9.730036,2
-1.7142484,0.6895301,9.337387,2
-1.5897499,0.7374141,9.461885,2
-1.5705963,0.6607997,9.739613,2
-1.6089035,0.8331822,9.864111,2
-1.8100165,1.0247183,10.036493,2
-1.7046716,0.93852705,9.883265,2
-1.5897499,0.6703765,9.768343,2
-1.6184803,0.7278373,9.615114,2
-1.7525556,0.8523358,9.576807,2
-1.8483237,0.9768343,9.605537,2
-1.6280571,0.9576807,9.557653,2
-1.532289,0.7182605,9.634268,2
-1.4652514,0.5363012,9.490616,2
-1.6950948,0.49799395,9.691729,2
-1.7525556,0.59376204,9.605537,2
-1.7238252,0.5650316,9.624691,2
-1.6663644,0.6607997,9.682152,2
-1.5897499,0.545878,9.634268,2
-1.6376339,0.25857377,10.01734,2
-1.6759412,0.15322891,10.151415,2
-1.6376339,0.06703765,10.160992,2
-1.5993267,0.038307227,10.084377,2
-1.6184803,0.076614454,10.055647,2
-1.6567876,0.16280572,10.160992,2
-1.7046716,0.29688102,9.9790325,2
-1.6376339,0.36391866,9.710882,2
-1.6089035,0.49799395,9.5385,2
-1.6759412,0.63206923,9.5385,2
-1.7525556,0.79487497,9.56723,2
-1.733402,0.8523358,9.461885,2
-1.6567876,0.8714894,9.423578,2
-1.6376339,0.90979666,9.3182335,2
-1.5897499,0.8619126,9.155427,2
-1.5610195,0.93852705,9.165004,2
-1.5993267,0.94810385,9.423578,2
-1.6184803,0.92895025,9.461885,2
-1.541866,0.8810662,9.442732,2
-1.484405,0.81402856,9.423578,2
-1.5035586,0.7469909,9.548077,2
-1.5993267,0.6607997,9.710882,2
-1.5993267,0.58418524,9.605537,2
-1.5705963,0.5363012,9.595961,2
-1.6280571,0.5650316,9.672575,2
-1.7429788,0.59376204,9.77792,2
-1.7238252,0.61291564,9.605537,2
-1.7429788,0.6895301,9.653421,2
-1.8291701,0.6991069,9.768343,2
-1.685518,0.62249243,9.739613,2
-1.6280571,0.7086837,9.730036,2
-1.532289,0.94810385,9.548077,2
-1.8004397,0.94810385,9.835381,2
-1.7717092,0.7565677,9.720459,2
-1.6567876,0.7469909,9.797073,2
-1.5897499,0.8714894,9.691729,2
-1.7142484,0.94810385,9.844957,2
-1.7238252,0.842759,9.605537,2
-1.8100165,0.842759,9.56723,2
-1.685518,0.842759,9.509769,2
-1.5131354,0.6512229,9.56723,2
-1.7621324,0.5650316,9.844957,2
-1.733402,0.7469909,9.787497,2
-1.8291701,0.7661445,9.911995,2
-1.7621324,0.58418524,9.672575,2
-1.5705963,0.29688102,9.509769,2
-1.6663644,0.63206923,9.653421,2
-1.5897499,0.7661445,9.605537,2
-1.6759412,0.6991069,9.653421,2
-1.7717092,0.62249243,9.548077,2
-1.7621324,0.6991069,9.557653,2
-1.6089035,0.6607997,9.509769,2
-1.5897499,0.545878,9.844957,2
-1.5801731,0.8331822,9.682152,2
-1.5610195,0.80445176,9.5385,2
-1.7812861,0.62249243,9.749189,2
-1.6567876,0.545878,9.605537,2
-1.6184803,0.59376204,9.844957,2
-1.7238252,0.80445176,9.77792,2
-1.7717092,0.842759,9.595961,2
-1.7717092,0.7757214,9.615114,2
-1.5514427,0.5650316,9.375694,2
-1.5993267,0.62249243,9.528923,2
-1.6567876,1.0247183,9.509769,2
-1.7429788,1.2354081,9.710882,2
-1.8387469,1.0055647,9.9790325,2
-1.8387469,0.641646,10.28549,2
-1.6759412,0.79487497,10.007763,2
-1.5227122,0.90979666,9.500193,2
-1.6089035,0.7565677,9.337387,2
-1.7429788,0.6991069,9.5385,2
-1.6759412,0.80445176,9.452309,2
-1.6376339,0.79487497,9.500193,2
-1.685518,0.545878,9.653421,2
-1.6089035,0.30645782,9.576807,2
-1.6950948,0.24899697,9.768343,2
-1.6759412,0.5746084,9.634268,2
-1.7142484,0.63206923,9.825804,2
-1.5897499,0.4213795,9.653421,2
-1.5993267,0.16280572,9.768343,2
-1.6184803,0.46926352,9.634268,2
-1.6567876,0.6703765,9.576807,2
-1.8579005,0.8331822,9.682152,2
-1.7142484,0.8619126,9.500193,2
-1.6184803,0.641646,9.557653,2
-1.6280571,0.7757214,9.548077,2
-1.6950948,1.0821792,9.691729,2
-1.733402,1.2545617,9.672575,2
-1.6950948,0.81402856,9.77792,2
-1.7717092,0.47884035,9.854534,2
-1.7429788,0.7374141,9.797073,2
-1.7238252,1.1300632,9.730036,2
-1.733402,0.9864111,9.758766,2
-1.6472107,0.5363012,9.682152,2
-1.685518,0.8619126,9.586384,2
-1.6472107,1.043872,9.461885,2
-1.7238252,0.8810662,9.634268,2
-1.6280571,0.6703765,9.682152,2
-1.6663644,0.6991069,9.797073,2
-1.5801731,0.50757074,9.605537,2
-1.7046716,0.45010993,9.586384,2
-1.934515,0.79487497,9.921572,2
-1.6950948,0.8331822,9.835381,2
-1.4939818,0.49799395,9.586384,2
-1.5131354,0.30645782,9.653421,2
-1.6472107,0.641646,9.56723,2
-1.685518,0.6703765,9.624691,2
-1.7142484,0.5267244,9.56723,2
-1.5131354,0.4213795,9.490616,2
-1.3694834,0.31603462,9.433155,2
-1.4939818,0.45968673,9.490616,2
-1.7908629,0.6799533,9.9790325,2
-1.9153614,0.7469909,9.940725,2
-1.7142484,0.5650316,9.730036,2
-1.5131354,0.5267244,9.279925,2
-1.6472107,0.6991069,9.442732,2
-1.9632454,0.91937345,9.864111,2
-1.8579005,0.8619126,9.864111,2
-1.6950948,0.8331822,9.758766,2
-1.4748282,0.93852705,9.548077,2
-1.6663644,1.0630256,9.653421,2
-1.7812861,0.61291564,9.864111,2
-1.8579005,0.7182605,9.921572,2
-1.7525556,1.2354081,9.835381,2
-1.4939818,1.2354081,9.404425,2
-1.6184803,0.81402856,9.624691,2
-1.5705963,0.5746084,9.624691,2
-1.8100165,0.61291564,9.911995,2
-1.6567876,0.49799395,9.634268,2
-1.7621324,0.58418524,9.576807,2
-1.6184803,0.5650316,9.375694,2
-1.685518,0.24899697,9.749189,2
-1.733402,0.08619126,10.132261,2
-1.5705963,0.2777274,9.9790325,2
-1.6280571,0.5746084,9.749189,2
-1.7046716,0.7757214,9.615114,2
-1.685518,0.60333884,9.308656,2
-1.7142484,0.62249243,9.662998,2
-1.4748282,0.545878,9.605537,2
-1.532289,0.50757074,9.682152,2
-1.5705963,0.47884035,9.346964,2
-1.8674773,0.7182605,9.653421,2
-1.7621324,0.8331822,9.710882,2
-1.5993267,0.7086837,9.557653,2
-1.5610195,0.94810385,9.653421,2
-1.4939818,0.9959879,9.672575,2
-1.7525556,0.60333884,10.065224,2
-1.7717092,0.45010993,9.864111,2
-1.7238252,0.93852705,9.509769,2
-1.6376339,1.0821792,9.32781,2
-1.5801731,0.7757214,9.442732,2
-1.7238252,0.7374141,9.605537,2
-1.8291701,0.89064306,9.77792,2
-1.8100165,0.62249243,9.988609,2
-1.6567876,0.30645782,10.04607,2
-1.5227122,0.4309563,9.816227,2
-1.6184803,0.8714894,9.634268,2
-1.6950948,0.842759,9.56723,2
-1.6280571,0.5363012,9.653421,2
-1.6567876,0.62249243,9.576807,2
-1.7142484,0.6991069,9.500193,2
-1.7908629,0.7469909,9.557653,2
-1.7812861,0.7182605,9.710882,2
-1.5035586,0.6512229,9.662998,2
-1.5801731,0.4405331,9.9790325,2
-1.6663644,0.5746084,10.218452,2
-1.6089035,0.6895301,9.959879,2
-1.8100165,0.6703765,9.854534,2
-1.8195933,0.7278373,9.490616,2
-1.4748282,0.78529817,9.136273,2
-1.5993267,0.80445176,9.471462,2
-1.7238252,0.6607997,9.902418,2
-1.7142484,0.7757214,9.940725,2
-1.7429788,0.91937345,9.80665,2
-1.5610195,0.79487497,9.586384,2
-1.6376339,0.6703765,9.720459,2
-1.6280571,0.7661445,9.701305,2
-1.5705963,0.7469909,9.394848,2
-1.733402,0.5746084,9.509769,2
-1.6184803,0.4213795,9.595961,2
-1.6376339,0.35434186,9.940725,2
-1.685518,0.62249243,9.797073,2
-1.8483237,0.8714894,9.892841,2
-1.7046716,0.80445176,9.797073,2
-1.6184803,0.58418524,9.892841,2
-1.541866,0.62249243,9.835381,2
-1.5897499,0.6991069,9.624691,2
-1.8387469,0.61291564,9.634268,2
-1.6950948,0.5267244,9.576807,2
-1.541866,0.45968673,9.605537,2
-1.4460979,0.38307226,9.500193,2
-1.7429788,0.39264908,9.77792,2
-1.8387469,0.50757074,9.653421,2
-1.8004397,0.6895301,9.557653,2
-1.6089035,0.82360536,9.710882,2
-1.5131354,0.89064306,9.77792,2
-1.6376339,0.7661445,9.892841,2
-1.7908629,0.6799533,9.959879,2
-1.8291701,0.7086837,9.768343,2
-1.7812861,0.62249243,9.720459,2
-1.733402,0.6703765,9.509769,2
-1.5610195,0.63206923,9.653421,2
-1.6184803,0.7565677,9.787497,2
-1.7046716,0.78529817,9.787497,2
-1.6759412,0.81402856,9.624691,2
-1.7812861,0.6799533,9.615114,2
-1.7046716,0.61291564,9.548077,2
-1.484405,0.6703765,9.691729,2
-1.3982137,0.7757214,9.509769,2
-1.6184803,0.80445176,9.615114,2
-1.934515,0.6607997,9.940725,2
-1.9728222,0.545878,10.04607,2
-1.733402,0.45968673,9.825804,2
-1.532289,0.6895301,9.481039,2
-1.484405,0.81402856,9.299079,2
-1.6184803,0.60333884,9.481039,2
-1.7621324,0.46926352,9.892841,2
-1.5705963,0.45010993,10.007763,2
-1.5131354,0.6895301,9.816227,2
-1.5610195,0.8810662,9.519346,2
-1.8100165,0.9959879,9.509769,2
-1.8483237,0.7374141,9.481039,2
-1.6567876,0.46926352,9.548077,2
-1.484405,0.25857377,9.730036,2
-1.484405,0.36391866,9.5385,2
-1.6472107,0.63206923,9.394848,2
-1.6280571,0.7565677,9.414001,2
-1.6089035,0.58418524,9.691729,2
-1.5035586,0.34476504,9.892841,2
-1.541866,0.39264908,10.0269165,2
-1.5514427,0.7374141,9.77792,2
-1.733402,0.7661445,9.701305,2
-1.8483237,0.58418524,9.749189,2
-1.7525556,0.50757074,9.682152,2
-1.6567876,0.5267244,9.56723,2
-1.6950948,0.50757074,9.77792,2
-1.4939818,0.40222588,9.720459,2
-1.5514427,0.61291564,9.730036,2
-1.685518,0.5363012,9.854534,2
-1.8770541,0.7374141,9.643845,2
-1.8483237,0.7278373,9.758766,2
-1.7621324,0.92895025,9.691729,2
-1.4556746,0.641646,9.500193,2
-1.6567876,0.50757074,9.950302,2
-1.6280571,0.58418524,9.797073,2
-1.6663644,0.37349546,10.007763,2
-1.6663644,0.23942018,9.835381,2
-1.685518,0.61291564,9.835381,2
-1.5993267,0.82360536,9.672575,2
-1.6950948,0.51714754,9.624691,2
-1.6472107,0.19153613,9.595961,2
-1.6376339,0.009576807,9.653421,2
-1.5227122,0.12449849,9.768343,2
-1.4556746,0.45968673,9.758766,2
-1.5035586,0.60333884,9.816227,2
-1.6759412,0.61291564,9.80665,2
-1.8674773,0.51714754,9.816227,2
-1.7812861,0.5267244,9.548077,2
-1.685518,0.46926352,9.461885,2
-1.6759412,0.51714754,9.739613,2
-1.6089035,0.4309563,10.065224,2
-1.5035586,0.45010993,9.816227,2
-1.4939818,0.34476504,9.519346,2
-1.5993267,0.02873042,9.662998,2
-1.6759412,0.19153613,9.701305,2
-1.7621324,0.7182605,9.682152,2
-1.7525556,1.091756,9.509769,2
-1.8004397,1.2545617,9.56723,2
-1.541866,1.0534488,9.461885,2
-1.6472107,0.7278373,9.80665,2
-1.8004397,0.62249243,10.103531,2
-1.7621324,0.63206923,10.189722,2
-1.6472107,0.5746084,9.998186,2
-1.7238252,0.545878,9.605537,2
-1.7525556,0.5650316,9.500193,2
-1.6089035,0.41180268,9.308656,2
-1.6950948,0.23942018,10.01734,2
-1.4652514,0.1436521,9.892841,2
-1.6472107,0.05746084,9.959879,2
-1.6950948,0.23942018,9.548077,2
-1.8962077,0.37349546,9.643845,2
-1.5610195,0.23942018,9.414001,2
-1.5705963,0.30645782,9.682152,2
-1.3311762,0.22984336,9.739613,2
-1.4269443,-0.095768064,9.749189,2
-1.5227122,-0.35434186,9.691729,2
-1.9057846,0.1340753,9.988609,2
-1.8004397,0.62249243,9.615114,2
-1.6759412,0.91937345,9.289502,2
-1.532289,0.7086837,9.519346,2
-1.4460979,0,9.844957,2
-1.5897499,0,10.151415,2
-1.6950948,0.38307226,9.969456,2
-1.733402,0.641646,9.662998,2
-1.6376339,1.1779473,9.14585,2
-1.733402,1.4173675,9.279925,2
-1.8100165,0.82360536,9.739613,2
-1.7142484,0.32561144,9.844957,2
-1.7238252,0.6512229,9.9790325,2
-1.5514427,1.0247183,9.653421,2
-1.7046716,1.1492168,9.797073,2
-1.6759412,0.8523358,9.77792,2
-1.7908629,0.38307226,9.921572,2
-1.6376339,0.45010993,9.481039,2
-1.6184803,0.6607997,9.356541,2
-1.6472107,0.62249243,9.461885,2
-1.685518,0.5554548,9.548077,2
-1.7525556,0.6607997,9.969456,2
-1.6567876,0.45968673,10.1226845,2
-1.5801731,0.20111294,9.864111,2
-1.4652514,0.36391866,9.050082,2
-1.7046716,0.50757074,9.193734,2
-1.8770541,0.5267244,9.653421,2
-1.7717092,0.641646,9.911995,2
-1.6567876,0.7565677,9.902418,2
-1.6950948,0.6703765,9.691729,2
-1.8195933,0.60333884,9.950302,2
-1.6759412,0.7469909,9.883265,2
-1.4556746,0.50757074,9.634268,2
-1.7238252,0.31603462,9.758766,2
-1.8579005,0.61291564,9.758766,2
-1.9536686,0.90979666,9.931149,2
-1.6663644,0.7469909,9.739613,2
-1.4652514,0.8523358,9.548077,2
-1.7046716,1.0726024,9.662998,2
-1.9153614,0.92895025,9.969456,2
-1.7717092,0.5363012,9.605537,2
-1.3503298,0.62249243,8.887277,2
-1.484405,0.5746084,9.241618,2
-1.6089035,0.6607997,9.643845,2
-1.7908629,0.4309563,10.170568,2
-1.6280571,0.31603462,9.452309,2
-1.6376339,0.076614454,9.528923,2
-1.4652514,-0.20111294,9.519346,2
-1.292869,-0.22026655,9.270349,2
-1.292869,-0.12449849,8.628703,2
-1.5131354,0.02873042,8.791509,2
-1.7621324,0.7086837,9.519346,2
-1.436521,0.45010993,9.710882,2
-1.6950948,-0.02873042,10.247183,2
-1.7429788,0,10.007763,2
-1.6950948,0.2873042,9.653421,2
-1.5610195,0.63206923,9.615114,2
-1.3503298,0.7278373,9.394848,2
-1.5131354,0.23942018,9.797073,2
-1.6280571,0.50757074,9.710882,2
-1.7429788,1.091756,9.634268,2
-1.8291701,1.1683705,9.787497,2
-1.8291701,0.78529817,9.56723,2
-1.7525556,0.6607997,9.720459,2
-1.7142484,0.9864111,9.844957,2
-1.6376339,1.1109096,10.0748005,2
-1.5897499,0.9768343,9.988609,2
-1.685518,0.7278373,10.007763,2
-1.7621324,0.7661445,9.931149,2
-1.7046716,0.79487497,9.643845,2
-1.8483237,0.7374141,9.739613,2
-1.7238252,0.6799533,9.691729,2
-1.6376339,0.63206923,9.739613,2
-1.5035586,0.5554548,9.653421,2
-1.4460979,0.545878,9.5385,2
-1.5801731,0.2681506,9.414001,2
-1.6759412,0.36391866,9.662998,2
-1.9440918,0.6991069,9.615114,2
-1.7717092,0.7565677,9.892841,2
-1.7046716,0.45010993,9.902418,2
-1.541866,0.49799395,9.643845,2
-1.6567876,0.31603462,9.749189,2
-1.7046716,0.29688102,9.5385,2
-1.7429788,0.35434186,9.5385,2
-1.7621324,0.45968673,9.548077,2
-1.6376339,0.78529817,9.3661175,2
-1.6759412,0.90021986,9.624691,2
-1.7908629,0.6991069,9.902418,2
-1.8004397,0.4405331,9.797073,2
-1.7429788,0.4309563,9.691729,2
-1.7429788,0.5267244,9.662998,2
-1.8004397,0.8331822,9.672575,2
-1.6663644,0.9768343,9.481039,2
-1.7812861,0.7757214,9.80665,2
-1.8195933,0.7757214,9.835381,2
-1.6950948,0.91937345,9.662998,2
-1.733402,0.7278373,9.672575,2
-1.7238252,0.6799533,9.461885,2
-1.733402,0.63206923,9.56723,2
-1.6950948,0.5267244,9.749189,2
-1.685518,0.62249243,9.988609,2
-1.7429788,0.80445176,10.093954,2
-1.6759412,0.7278373,9.749189,2
-1.6950948,0.40222588,9.528923,2
-1.6759412,0.11492168,9.423578,2
-1.7908629,0.31603462,9.691729,2
-1.685518,0.5746084,9.653421,2
-1.6376339,0.50757074,9.787497,2
-1.5610195,0.095768064,9.691729,2
-1.6759412,0,9.883265,2
-1.7908629,0.4309563,9.701305,2
-1.685518,0.5363012,9.433155,2
-1.6089035,0.47884035,9.548077,2
-1.5705963,0.5267244,9.519346,2
-1.6759412,0.6703765,9.615114,2
-1.8004397,0.62249243,9.787497,2
-1.8195933,0.37349546,9.77792,2
-1.7429788,0.36391866,9.825804,2
-1.6280571,0.6991069,9.414001,2
-1.8195933,1.13964,9.500193,2
-1.934515,1.1683705,9.77792,2
-1.8674773,0.7661445,9.969456,2
-1.8195933,0.5267244,10.04607,2
-1.733402,0.6607997,9.80665,2
-1.8004397,0.79487497,9.691729,2
-1.7429788,0.7565677,9.509769,2
-1.7429788,0.8331822,9.442732,2
-1.7142484,1.043872,9.605537,2
-1.7429788,1.0055647,9.825804,2
-1.7046716,0.641646,9.797073,2
-1.7238252,0.58418524,9.720459,2
-1.8770541,0.641646,9.672575,2
-1.7621324,0.6991069,9.557653,2
-1.733402,0.58418524,9.500193,2
-1.7238252,0.5554548,9.528923,2
-1.7429788,0.48841715,9.634268,2
-1.6950948,0.40222588,9.576807,2
-1.8483237,0.33518824,9.825804,2
-1.8291701,0.5554548,9.854534,2
-1.733402,0.6799533,9.844957,2
-1.6759412,0.58418524,9.710882,2
-1.7717092,0.5746084,9.481039,2
-1.8962077,0.5267244,9.509769,2
-1.8004397,0.59376204,9.586384,2
-1.5897499,0.641646,9.749189,2
-1.6567876,0.82360536,9.672575,2
-1.733402,0.8523358,9.624691,2
-1.8387469,0.545878,9.758766,2
-1.982399,0.45010993,9.595961,2
-1.9632454,0.5554548,9.787497,2
-1.6567876,0.6799533,9.490616,2
-1.6663644,0.7757214,9.988609,2
-1.5993267,0.842759,9.615114,2
-1.8100165,0.59376204,10.007763,2
-1.8100165,0.34476504,9.77792,2
-1.8387469,0.58418524,9.576807,2
-1.9153614,0.94810385,9.557653,2
-1.733402,1.2066777,9.270349,2
-1.8387469,1.3215994,9.346964,2
-1.7046716,1.1683705,9.528923,2
-1.8962077,0.89064306,9.988609,2
-1.6089035,0.39264908,9.624691,2
-1.8483237,0.5267244,10.04607,2
-1.6376339,0.9768343,9.691729,2
-1.8962077,1.1779473,9.710882,2
-1.9153614,0.9672575,9.758766,2
-1.8004397,0.80445176,9.682152,2
-1.7142484,0.78529817,9.662998,2
-1.8291701,0.842759,9.643845,2
-1.9153614,0.82360536,9.730036,2
-1.8387469,0.7757214,9.691729,2
-1.6950948,0.7278373,9.56723,2
-1.6759412,0.5746084,9.5385,2
-1.7717092,0.30645782,9.892841,2
-1.6663644,0.31603462,9.557653,2
-1.8195933,0.62249243,9.385271,2
-1.9728222,0.8714894,9.528923,2
-1.8387469,0.60333884,9.586384,2
-1.7142484,0.39264908,9.682152,2
-1.5610195,0.4309563,9.634268,2
-1.6663644,0.2777274,9.902418,2
-1.7525556,0.29688102,9.892841,2
-1.7908629,0.6607997,9.548077,2
-1.8962077,0.842759,9.500193,2
-1.8483237,0.80445176,9.3182335,2
-1.9440918,0.7182605,9.423578,2
-2.0590134,0.641646,9.548077,2
-1.982399,0.80445176,9.749189,2
-1.8195933,0.81402856,9.883265,2
-1.8100165,0.82360536,9.749189,2
-1.7525556,0.62249243,9.490616,2
-2.0973208,0.6991069,9.490616,2
-2.0973208,0.842759,9.346964,2
-2.3750482,1.1587936,9.490616,2
-2.2122424,1.043872,9.356541,2
-2.0398598,0.4405331,9.576807,2
-2.3558946,0.2777274,10.170568,2
-2.1547816,0.33518824,9.969456,2
-2.2409728,0.45010993,9.873688,2
-2.2697031,0.6895301,9.643845,2
-2.1739352,0.842759,9.270349,2
-2.2697031,0.80445176,9.270349,2
-2.2984335,0.5746084,9.500193,2
-2.2409728,0.19153613,9.509769,2
-2.2122424,0.4405331,9.346964,2
-2.4133554,0.8619126,9.251195,2
-2.3654714,0.50757074,9.490616,2
-2.3080103,0.2681506,9.730036,2
-2.135628,0.34476504,9.634268,2
-2.2697031,0.5650316,9.739613,2
-2.0685902,0.5363012,9.433155,2
-1.9440918,0.45010993,9.433155,2
-2.1068976,0.34476504,9.643845,2
-2.27928,0.48841715,9.615114,2
-2.3750482,0.6991069,9.557653,2
-2.3558946,0.9672575,9.481039,2
-2.3175871,0.91937345,9.643845,2
-2.2697031,0.62249243,9.653421,2
-2.27928,0.60333884,9.624691,2
-2.2505496,0.6799533,9.615114,2
-2.2505496,0.7469909,9.634268,2
-2.2409728,0.81402856,9.586384,2
-2.2218192,0.842759,9.519346,2
-2.183512,0.9768343,9.394848,2
-2.2505496,1.1013328,9.576807,2
-2.327164,1.1587936,9.624691,2
-2.27928,1.091756,9.548077,2
-2.2026656,1.0726024,9.548077,2
-2.2409728,0.9864111,9.739613,2
-2.2984335,0.91937345,9.825804,2
-2.2697031,0.8714894,9.720459,2
-2.1452048,0.7565677,9.682152,2
-2.1260512,0.6799533,9.710882,2
-2.2409728,0.641646,9.797073,2
-2.27928,0.5650316,9.77792,2
-2.2505496,0.61291564,9.710882,2
-2.2026656,0.7182605,9.5385,2
-2.2505496,0.79487497,9.643845,2
-2.2601264,0.842759,9.509769,2
-2.2218192,0.91937345,9.461885,2
-2.2409728,0.9768343,9.528923,2
-2.2697031,0.9864111,9.423578,2
-2.2697031,1.0151415,9.414001,2
-2.2409728,0.9576807,9.490616,2
-2.2218192,0.81402856,9.433155,2
-2.1930888,0.7374141,9.241618,2
-2.2984335,0.63206923,9.557653,2
-2.2601264,0.8619126,9.662998,2
-2.078167,0.8523358,9.643845,2
-2.1452048,0.7565677,9.816227,2
-1.9249382,0.6895301,9.758766,2
-2.030283,0.6895301,9.730036,2
-2.135628,0.545878,9.548077,2
-2.3750482,0.48841715,9.653421,2
-2.432509,0.60333884,9.471462,2
-2.336741,0.58418524,9.576807,2
-2.0207062,0.40222588,9.615114,2
-1.7717092,0.23942018,9.471462,2
-1.9728222,0.34476504,9.5385,2
-2.1547816,0.47884035,9.452309,2
-2.2888567,0.61291564,9.5385,2
-2.1930888,0.45968673,9.672575,2
-1.9536686,0.45010993,9.701305,2
-2.0015526,0.40222588,9.643845,2
-1.9153614,0.12449849,9.433155,2
-2.3558946,0.095768064,9.730036,2
-2.3463178,0.31603462,9.624691,2
-2.2122424,0.46926352,9.595961,2
-2.078167,0.4213795,9.471462,2
-1.934515,0.36391866,9.452309,2
-2.327164,0.6512229,9.77792,2
-2.0398598,0.92895025,9.260772,2
-2.2984335,0.9959879,9.576807,2
-2.2218192,0.6703765,9.739613,2
-2.336741,0.7278373,10.275913,2
-2.2409728,1.0055647,10.199299,2
-2.0590134,1.0534488,9.519346,2
-2.3175871,1.0630256,9.471462,2
-2.2505496,0.94810385,9.3661175,2
-2.0973208,0.63206923,9.519346,2
-2.087744,0.48841715,9.500193,2
-1.982399,0.545878,9.251195,2
-2.231396,0.5363012,9.452309,2
-2.2601264,0.39264908,9.5385,2
-2.1930888,0.45968673,9.749189,2
-2.087744,0.36391866,9.835381,2
-2.078167,0.11492168,10.01734,2
-2.2122424,0.12449849,10.01734,2
-1.982399,0.2681506,9.643845,2
-2.087744,0.35434186,9.509769,2
-2.0111294,0.38307226,9.193734,2
-2.0494366,0.4405331,9.203311,2
-1.982399,0.30645782,9.356541,2
-2.0111294,0.17238252,9.605537,2
-2.030283,0.23942018,9.615114,2
-2.1547816,0.2681506,9.452309,2
-2.2122424,0.45968673,9.586384,2
-2.2026656,0.7182605,9.576807,2
-2.087744,0.5554548,9.528923,2
-2.2218192,0.7086837,9.586384,2
-2.2505496,0.93852705,9.730036,2
-2.2601264,0.9959879,9.710882,2
-2.27928,0.7565677,9.797073,2
-2.1452048,0.7182605,9.519346,2
-2.2218192,0.91937345,9.528923,2
-2.3558946,1.0726024,9.710882,2
-2.2505496,1.13964,9.615114,2
-2.2026656,0.9576807,9.576807,2
-2.2218192,0.80445176,9.481039,2
-2.2601264,0.8714894,9.768343,2
-2.0590134,0.78529817,9.490616,2
-2.1452048,0.7182605,9.758766,2
-2.183512,0.6895301,9.768343,2
-2.0207062,0.4309563,9.461885,2
-2.0590134,0.23942018,9.461885,2
-2.0398598,0.33518824,9.404425,2
-2.1164744,0.4405331,9.56723,2
-2.0973208,0.545878,9.3182335,2
-2.1547816,0.39264908,9.500193,2
-2.1164744,0.06703765,9.682152,2
-1.9440918,0.17238252,9.461885,2
-2.1068976,0.59376204,9.586384,2
-2.087744,0.5746084,9.605537,2
-2.1930888,0.31603462,9.758766,2
-2.2122424,0.38307226,9.557653,2
-2.078167,0.7565677,9.3661175,2
-2.1068976,0.90979666,9.433155,2
-2.087744,0.6991069,9.509769,2
-2.1739352,0.6799533,9.653421,2
-2.2122424,0.842759,9.691729,2
-2.1547816,0.7565677,9.595961,2
-2.2601264,0.842759,9.80665,2
-2.1643584,0.94810385,9.634268,2
-2.1164744,0.94810385,9.528923,2
-2.3080103,0.8619126,9.749189,2
-2.0398598,0.7757214,9.452309,2
-2.087744,0.7182605,9.509769,2
-2.327164,0.7182605,9.682152,2
-2.183512,0.78529817,9.423578,2
-2.2505496,0.7469909,9.5385,2
-2.0015526,0.59376204,9.394848,2
-2.087744,0.4405331,9.624691,2
-2.1643584,0.36391866,9.653421,2
-2.2697031,0.5554548,9.605537,2
-2.4516625,0.8331822,9.710882,2
-2.27928,0.7278373,9.624691,2
-2.0590134,0.5650316,9.452309,2
-2.078167,0.59376204,9.528923,2
-2.0494366,0.48841715,9.595961,2
-2.2218192,0.4405331,9.672575,2
-2.1739352,0.545878,9.595961,2
-1.9919758,0.6703765,9.509769,2
-2.030283,0.62249243,9.471462,2
-2.0111294,0.545878,9.509769,2
-2.2122424,0.6703765,9.682152,2
-2.1930888,0.7374141,9.615114,2
-2.078167,0.6512229,9.605537,2
-2.1547816,0.51714754,9.634268,2
-2.0590134,0.49799395,9.548077,2
-2.1164744,0.59376204,9.56723,2
-2.2601264,0.47884035,9.691729,2
-2.0685902,0.5267244,9.528923,2
-2.2505496,0.82360536,9.691729,2
-2.1930888,0.8810662,9.5385,2
-2.1260512,0.7661445,9.433155,2
-2.2026656,0.641646,9.615114,2
-2.0494366,0.7374141,9.634268,2
-2.135628,0.7278373,9.758766,2
-2.1739352,0.61291564,9.615114,2
-2.0494366,0.63206923,9.433155,2
-2.231396,0.6991069,9.548077,2
-2.0590134,0.63206923,9.452309,2
-2.0685902,0.641646,9.490616,2
-2.2697031,0.7661445,9.730036,2
-2.0685902,0.6991069,9.461885,2
-2.1452048,0.60333884,9.452309,2
-2.2409728,0.5650316,9.643845,2
-2.1452048,0.6799533,9.634268,2
-2.078167,0.59376204,9.615114,2
-2.087744,0.545878,9.662998,2
-2.2218192,0.60333884,9.787497,2
-2.0494366,0.5554548,9.471462,2
-2.1547816,0.5554548,9.548077,2
-2.1930888,0.59376204,9.56723,2
-2.0398598,0.5650316,9.356541,2
-2.1739352,0.62249243,9.5385,2
-2.2505496,0.63206923,9.548077,2
-2.1739352,0.62249243,9.3661175,2
-2.2409728,0.7469909,9.615114,2
-2.0590134,0.6703765,9.548077,2
-2.0590134,0.49799395,9.730036,2
-2.183512,0.61291564,9.883265,2
-1.982399,0.842759,9.528923,2
-2.030283,1.043872,9.595961,2
-1.9249382,0.80445176,9.557653,2
-1.9153614,0.60333884,9.56723,2
-1.982399,0.62249243,9.634268,2
-1.9440918,0.5363012,9.615114,2
-2.0207062,0.5746084,9.9790325,2
-1.8866309,0.7182605,9.730036,2
-1.8483237,0.7757214,9.662998,2
-1.8195933,0.6799533,9.576807,2
-1.8674773,0.63206923,9.595961,2
-1.7812861,0.5267244,9.519346,2
-1.8004397,0.61291564,9.56723,2
-1.9057846,0.7278373,9.691729,2
-1.7717092,0.7278373,9.528923,2
-1.8291701,0.48841715,9.691729,2
-1.8579005,0.4213795,9.835381,2
-1.8866309,0.61291564,9.77792,2
-1.8004397,0.7182605,9.605537,2
-1.7429788,1.0151415,9.452309,2
-1.8195933,1.2066777,9.461885,2
-1.7908629,1.1204864,9.394848,2
-1.8387469,0.7086837,9.634268,2
-1.934515,0.6512229,10.01734,2
-1.9057846,0.8523358,9.921572,2
-1.8770541,0.90021986,9.825804,2
-1.9057846,0.89064306,9.557653,2
-1.9153614,0.9768343,9.56723,2
-1.934515,0.8810662,9.682152,2
-1.9153614,0.8331822,9.624691,2
-1.8962077,0.8810662,9.701305,2
-1.8004397,0.80445176,9.519346,2
-1.7142484,0.7278373,9.481039,2
-1.8387469,0.842759,9.80665,2
-1.8866309,1.043872,9.615114,2
-1.9440918,1.091756,9.490616,2
-2.087744,0.89064306,9.643845,2
-1.934515,0.8331822,9.56723,2
-1.6759412,0.81402856,9.509769,2
-1.8483237,0.5554548,9.854534,2
-1.6759412,0.2873042,9.509769,2
-1.9057846,0.45968673,9.739613,2
-1.7717092,0.8619126,9.5385,2
-1.733402,0.9672575,9.442732,2
-1.8674773,0.92895025,9.576807,2
-1.8004397,0.91937345,9.509769,2
-1.7046716,0.79487497,9.5385,2
-1.7525556,0.7661445,9.423578,2
-1.8866309,0.9768343,9.346964,2
-2.0398598,1.1587936,9.854534,2
-1.8962077,1.0342951,9.921572,2
-1.7525556,0.7565677,9.835381,2
-1.7812861,0.6991069,9.701305,2
-1.9057846,0.6607997,9.605537,2
-1.8100165,0.8331822,9.490616,2
-1.8674773,1.1300632,9.509769,2
-1.8291701,1.3311762,9.548077,2
-1.9153614,1.2641385,9.595961,2
-1.9632454,0.6512229,9.730036,2
-1.8387469,0.5554548,9.615114,2
-1.7621324,0.81402856,9.758766,2
-1.685518,0.9672575,9.758766,2
-1.8483237,1.043872,9.720459,2
-1.9153614,1.292869,9.672575,2
-1.8100165,1.2258313,9.385271,2
-1.8387469,0.7661445,9.615114,2
-1.7812861,0.6703765,9.615114,2
-1.7717092,0.90979666,9.433155,2
-1.7812861,1.0342951,9.586384,2
-1.6950948,0.91937345,9.433155,2
-1.7525556,0.7086837,9.5385,2
-1.8674773,0.6895301,9.682152,2
-1.8674773,0.79487497,9.931149,2
-1.733402,0.8714894,9.854534,2
-1.7717092,1.091756,9.710882,2
-1.8100165,1.1779473,9.624691,2
-1.9536686,1.0342951,9.509769,2
-1.8770541,1.1204864,9.394848,2
-1.8579005,1.1204864,9.519346,2
-1.7717092,0.8331822,9.56723,2
-1.7429788,0.41180268,9.586384,2
-1.7812861,0.23942018,9.77792,2
-1.7525556,0.6895301,9.701305,2
-1.7717092,1.1779473,9.528923,2
-1.9536686,1.283292,9.586384,2
-1.8962077,1.2162545,9.672575,2
-1.8579005,0.9672575,9.844957,2
-1.7238252,0.61291564,9.710882,2
-1.6472107,0.30645782,9.557653,2
-1.7621324,0.22026655,9.682152,2
-1.6759412,0.6895301,9.481039,2
-1.6950948,0.94810385,9.414001,2
-1.8579005,0.7661445,9.662998,2
-1.7525556,0.545878,9.662998,2
-1.733402,0.5650316,9.643845,2
-1.5801731,0.5554548,9.586384,2
-1.8100165,0.45968673,9.940725,2
-1.8579005,0.51714754,9.682152,2
-1.733402,0.5746084,9.605537,2
-1.8100165,0.6607997,9.797073,2
-1.6472107,0.58418524,9.595961,2
-1.7621324,0.61291564,9.691729,2
-1.8291701,0.6703765,9.672575,2
-1.7142484,0.50757074,9.749189,2
-1.7238252,0.60333884,9.854534,2
-1.7429788,0.7086837,9.662998,2
-1.8100165,0.641646,9.682152,2
-1.8866309,0.61291564,9.682152,2
-1.8866309,0.79487497,9.844957,2
-1.8483237,1.0247183,9.77792,2
-1.7429788,0.92895025,9.653421,2
-1.8100165,0.6799533,9.902418,2
-1.685518,0.7182605,9.739613,2
-1.7046716,0.81402856,9.682152,2
-1.9249382,0.7278373,9.854534,2
-1.8770541,0.63206923,9.749189,2
-1.8100165,0.79487497,9.682152,2
-1.7142484,0.842759,9.586384,2
-1.7621324,0.5363012,9.691729,2
-1.9440918,0.22984336,10.160992,2
-1.7429788,0.22984336,9.720459,2
-1.7238252,0.50757074,9.461885,2
-1.8962077,0.5650316,9.787497,2
-1.6472107,0.21068975,9.739613,2
-1.8962077,0.18195933,9.921572,2
-1.8387469,0.545878,9.844957,2
-1.9057846,0.92895025,10.0748005,2
-1.8770541,1.1779473,9.749189,2
-1.9632454,1.3599066,9.864111,2
-1.9632454,1.388637,9.787497,2
-1.9728222,1.1971009,9.346964,2
-1.9728222,0.7661445,9.500193,2
-1.7812861,0.46926352,9.701305,2
-1.7429788,0.24899697,10.266336,2
-1.7142484,0.21068975,10.25676,2
-1.9057846,0.45010993,9.892841,2
-2.0207062,0.41180268,9.452309,2
-1.8195933,0.4309563,9.174581,2
-2.0590134,0.7278373,9.672575,2
-1.5705963,0.6512229,9.595961,2
-1.5897499,0.47884035,9.624691,2
-1.7142484,0.59376204,9.682152,2
-1.9536686,0.7374141,9.557653,2
-1.8866309,0.6895301,9.442732,2
-2.0207062,0.6607997,9.586384,2
-1.8387469,0.7086837,9.576807,2
-1.733402,0.6607997,9.595961,2
-1.6567876,0.51714754,9.672575,2
-1.8579005,0.63206923,9.873688,2
-1.8674773,0.7374141,9.730036,2
-1.982399,0.7182605,9.720459,2
-1.9057846,0.7374141,9.624691,2
-1.6759412,0.89064306,9.423578,2
-1.8100165,0.9672575,9.615114,2
-1.934515,0.90021986,9.634268,2
-2.030283,0.7374141,9.672575,2
-1.9440918,0.7182605,9.787497,2
-1.8195933,0.6703765,9.720459,2
-1.7812861,0.7182605,9.739613,2
-1.7525556,0.81402856,9.595961,2
-1.8579005,0.94810385,9.605537,2
-1.8866309,0.93852705,9.528923,2
-1.8387469,0.89064306,9.548077,2
-1.7908629,0.93852705,9.624691,2
-1.8195933,0.842759,9.653421,2
-1.9153614,0.7661445,9.797073,2
-1.9153614,0.6991069,9.682152,2
-1.8962077,0.5363012,9.56723,2
-1.7812861,0.5554548,9.576807,2
-1.8195933,0.6703765,9.691729,2
-1.8195933,0.6799533,9.710882,2
-1.934515,0.6512229,9.825804,2
-1.9057846,0.51714754,9.710882,2
-1.8291701,0.49799395,9.615114,2
-1.8100165,0.6895301,9.509769,2
-1.8291701,0.82360536,9.528923,2
-1.8195933,0.7757214,9.56723,2
-1.8100165,0.6512229,9.576807,2
-1.8579005,0.7661445,9.758766,2
-1.8387469,0.78529817,9.691729,2
-1.7908629,0.6991069,9.634268,2
-1.8770541,0.61291564,9.643845,2
-1.7717092,0.641646,9.433155,2
-1.7812861,0.6991069,9.825804,2
-1.6089035,0.5554548,9.730036,2
-1.7812861,0.5363012,9.682152,2
-1.8387469,0.60333884,9.5385,2
-1.8674773,0.80445176,9.662998,2
-1.8100165,1.0342951,9.509769,2
-1.8483237,0.94810385,9.461885,2
-1.9536686,0.6895301,9.77792,2
-1.8387469,0.6991069,9.816227,2
-1.7525556,0.78529817,9.816227,2
-1.8770541,0.6512229,9.797073,2
-1.8579005,0.7469909,9.32781,2
-1.7812861,0.80445176,9.337387,2
-1.9249382,0.6799533,10.065224,2
-1.8674773,0.36391866,10.132261,2
-1.8195933,0.50757074,9.921572,2
-1.8962077,0.7565677,9.710882,2
-1.6376339,0.5554548,9.232041,2
-1.733402,0.36391866,9.136273,2
-1.5131354,0.22026655,9.078813,2
-1.6567876,0.545878,9.337387,2
-1.6567876,0.61291564,9.414001,2
-1.8483237,0.36391866,9.816227,2
-1.9153614,0.22984336,10.007763,2
-1.7812861,0.49799395,9.749189,2
-1.7142484,0.58418524,9.595961,2
-1.7908629,0.51714754,9.672575,2
-1.7812861,0.51714754,9.701305,2
-1.7429788,0.58418524,9.77792,2
-1.7717092,0.7374141,9.739613,2
-1.7525556,0.90979666,9.586384,2
-1.7525556,0.90021986,9.452309,2
-1.8004397,0.7278373,9.519346,2
-1.8387469,0.6703765,9.433155,2
-1.8770541,0.8619126,9.193734,2
-1.8674773,1.0821792,9.356541,2
-1.9153614,0.62249243,9.739613,2
-1.8387469,0.25857377,9.959879,2
-1.8579005,0.46926352,10.160992,2
-1.9536686,0.79487497,10.295067,2
-1.8291701,0.7757214,9.844957,2
-1.8579005,0.60333884,9.615114,2
-1.7812861,0.7278373,9.423578,2
-1.7046716,0.90021986,9.375694,2
-1.7238252,0.8810662,9.423578,2
-1.8004397,0.79487497,9.471462,2
-1.8100165,0.78529817,9.481039,2
-1.7142484,0.7661445,9.595961,2
-1.8387469,0.79487497,9.998186,2
-1.8866309,0.6991069,10.084377,2
-1.9057846,0.60333884,9.988609,2
-1.9249382,0.641646,9.768343,2
-1.8387469,0.6895301,9.701305,2
-1.7238252,0.6703765,9.299079,2
-1.8483237,0.545878,9.299079,2
-1.9919758,0.5363012,9.3661175,2
-1.8483237,0.5554548,9.576807,2
-1.8100165,0.58418524,10.208876,2
-1.7142484,0.49799395,10.266336,2
-1.8866309,0.39264908,10.103531,2
-1.8387469,0.17238252,9.586384,2
-1.6567876,0.24899697,8.8777,2
-1.6472107,0.62249243,8.983045,2
-1.388637,0.6703765,8.954314,2
-1.3982137,0.59376204,9.270349,2
-1.7525556,0.6607997,9.883265,2
-1.9057846,1.043872,9.844957,2
-2.078167,1.4077905,10.036493,2
-2.087744,1.13964,10.199299,2
-1.9632454,0.7757214,10.180145,2
-1.8291701,0.8331822,9.825804,2
-1.6663644,0.842759,9.040505,2
-1.9440918,0.60333884,9.184157,2
-1.9728222,0.48841715,9.461885,2
-2.4037786,0.45010993,10.697293,2
-2.078167,0.37349546,10.726024,2
-1.8770541,0.45968673,10.01734,2
-1.9440918,0.46926352,9.643845,2
-2.0111294,0.6895301,9.414001,2
-1.9153614,0.7661445,8.983045,2
-2.0207062,0.842759,9.653421,2
-1.541866,0.9959879,9.107543,2
-1.5035586,1.0726024,9.921572,2
-1.7717092,0.6607997,10.266336,2
-1.7621324,0.5267244,10.228029,2
-1.7046716,0.6607997,9.471462,2
-1.8962077,0.7469909,9.279925,2
-2.1643584,0.78529817,9.528923,2
-2.087744,0.8331822,9.32781,2
-2.0685902,0.90979666,9.605537,2
-1.5993267,0.59376204,9.710882,2
-1.6759412,0.4309563,10.065224,2
-1.6950948,0.21068975,9.672575,2
-2.1643584,0.4405331,9.481039,2
-1.9057846,0.79487497,9.030929,2
-1.9153614,0.9576807,9.155427,2
-1.4556746,0.7278373,9.14585,2
-1.541866,0.5267244,9.5385,2
-1.8291701,0.48841715,9.921572,2
-2.2218192,0.7661445,10.180145,2
-2.1164744,0.79487497,9.873688,2
-1.8770541,0.82360536,10.0269165,2
-1.6663644,0.8714894,9.998186,2
-1.5705963,0.8714894,9.787497,2
-1.6280571,0.90979666,9.883265,2
-1.7525556,0.8714894,9.911995,2
-1.8004397,0.80445176,9.902418,2
-1.7908629,0.7469909,9.730036,2
-1.8962077,0.63206923,9.873688,2
-1.9728222,0.50757074,9.691729,2
-1.9536686,0.47884035,9.394848,2
-1.9728222,0.5363012,9.299079,2
-2.0494366,0.61291564,9.490616,2
-2.2026656,0.59376204,9.586384,2
-2.0398598,0.62249243,9.136273,2
-1.8962077,0.7374141,9.241618,2
-1.9536686,0.8810662,9.452309,2
-1.9919758,0.92895025,9.232041,2
-1.8004397,0.9959879,9.11712,2
-1.8004397,1.0534488,9.394848,2
-1.934515,1.043872,9.825804,2
-1.8004397,0.8810662,9.3661175,2
-1.532289,0.7661445,9.356541,2
-1.5993267,0.6799533,9.595961,2
-1.7812861,0.62249243,9.816227,2
-1.7717092,0.60333884,9.787497,2
-1.7429788,0.5746084,9.80665,2
-1.7046716,0.58418524,9.662998,2
-1.7429788,0.6512229,9.739613,2
-1.8674773,0.6799533,10.007763,2
-1.8579005,0.58418524,9.682152,2
-1.8962077,0.50757074,9.662998,2
-1.934515,0.38307226,9.643845,2
-1.6567876,0.48841715,9.011775,2
-1.8004397,0.8810662,9.3182335,2
-2.0398598,0.93852705,9.643845,2
-2.030283,0.641646,9.883265,2
-1.7238252,0.47884035,9.519346,2
-1.8579005,0.41180268,9.825804,2
-1.7908629,0.47884035,9.80665,2
-1.7908629,0.80445176,9.615114,2
-1.8674773,1.1300632,9.519346,2
-1.8674773,1.13964,9.308656,2
-1.7717092,0.7469909,9.385271,2
-1.7525556,0.45010993,9.672575,2
-1.5897499,0.545878,9.5385,2
-1.6759412,0.6799533,9.56723,2
-1.8387469,0.58418524,9.490616,2
-1.8866309,0.59376204,9.346964,2
-1.7717092,0.7374141,9.423578,2
-1.6184803,0.9768343,9.490616,2
-1.532289,0.89064306,9.595961,2
-1.7429788,0.58418524,9.825804,2
-1.9728222,0.48841715,10.189722,2
-2.078167,0.7374141,10.01734,2
-1.9440918,0.7757214,9.749189,2
-1.7908629,0.5650316,9.5385,2
-1.8004397,0.50757074,9.500193,2
-1.7621324,0.7661445,9.433155,2
-1.7812861,0.7757214,9.289502,2
-1.8004397,0.61291564,9.461885,2
-1.6567876,0.5363012,9.423578,2
-1.6567876,0.641646,9.519346,2
-1.8962077,0.79487497,9.902418,2
-1.982399,0.6895301,9.988609,2
-1.934515,0.5363012,9.9790325,2
-1.8483237,0.58418524,9.701305,2
-1.8387469,0.7278373,9.595961,2
-1.7238252,0.5267244,9.509769,2
-1.8291701,0.545878,9.404425,2
-1.7812861,0.93852705,9.299079,2
-1.8004397,0.9768343,9.222465,2
-1.7908629,0.6607997,9.222465,2
-1.8100165,0.5746084,9.461885,2
-1.8579005,0.7278373,9.835381,2
-1.7908629,0.90021986,9.730036,2
-1.8866309,1.0534488,9.701305,2
-1.9919758,0.8810662,9.835381,2
-1.8674773,0.61291564,9.710882,2
-1.7046716,0.6512229,9.414001,2
-1.6089035,0.7565677,9.423578,2
-1.7621324,0.89064306,9.442732,2
-1.7908629,1.091756,9.442732,2
-1.8004397,0.91937345,9.308656,2
-1.685518,0.22984336,9.260772,2
-1.6663644,-0.1340753,9.471462,2
-1.7046716,0.45010993,9.730036,2
-1.6950948,0.9768343,9.634268,2
-1.8291701,0.6703765,9.634268,2
-1.9153614,0.5554548,9.595961,2
-1.8387469,0.8523358,9.586384,2
-1.5993267,0.8714894,9.32781,2
-1.6376339,0.641646,9.548077,2
-1.685518,0.60333884,9.595961,2
-1.8291701,0.7565677,9.739613,2
-1.8674773,0.78529817,9.892841,2
-1.7238252,0.91937345,9.56723,2
-1.8004397,0.93852705,9.5385,2
-1.8387469,0.9864111,9.481039,2
-1.8770541,0.94810385,9.595961,2
-1.7812861,0.8810662,9.758766,2
-1.8004397,0.92895025,9.873688,2
-1.7621324,1.0342951,9.394848,2
-1.8291701,0.6895301,9.557653,2
-1.8195933,0.39264908,9.921572,2
-1.7908629,0,10.0269165,2
-1.8387469,0.37349546,9.835381,2
-1.8291701,1.0534488,9.299079,2
-2.0590134,0.9672575,9.528923,2
-1.7812861,0.58418524,9.461885,2
-1.8291701,0.545878,9.911995,2
-1.6567876,0.45010993,9.892841,2
-1.8291701,0.60333884,9.883265,2
-1.9249382,0.80445176,9.605537,2
-1.8387469,0.7469909,9.346964,2
-1.8866309,0.60333884,9.461885,2
-1.6089035,0.82360536,9.471462,2
-1.5705963,0.9959879,9.385271,2
-1.685518,0.641646,9.77792,2
-1.8195933,0.35434186,9.471462,2
-1.8483237,0.38307226,9.414001,2
-1.7908629,0.33518824,9.433155,2
-1.6663644,0.62249243,9.270349,2
-1.8004397,0.8714894,9.940725,2
-1.7238252,0.7757214,10.28549,2
-1.5035586,0.5267244,9.557653,2
-1.7717092,0.4405331,9.528923,2
-1.9249382,0.78529817,9.155427,2
-1.9153614,0.93852705,9.385271,2
-1.7525556,0.9768343,9.471462,2
-1.6472107,0.7565677,9.662998,2
-1.6280571,0.50757074,9.595961,2
-1.7046716,0.38307226,9.461885,2
-2.135628,0.641646,10.477027,2
-1.5514427,1.0247183,9.576807,2
-1.6567876,1.436521,9.279925,2
-1.733402,1.340753,9.3661175,2
-2.030283,0.6895301,9.892841,2
-1.8195933,0.33518824,9.969456,2
-1.6663644,0.41180268,9.931149,2
-1.6184803,0.5746084,9.5385,2
-1.5131354,0.45968673,8.954314,2
-1.934515,0.47884035,9.155427,2
-1.7621324,0.5363012,9.299079,2
-1.8100165,0.61291564,9.797073,2
-1.7046716,0.79487497,9.969456,2
-1.6280571,0.8714894,9.749189,2
-1.8483237,0.78529817,9.548077,2
-2.087744,0.6799533,9.739613,2
-2.0015526,0.78529817,9.892841,2
-1.7525556,0.9864111,9.710882,2
-1.6567876,0.842759,9.691729,2
-1.6089035,0.641646,9.452309,2
-1.6184803,0.6895301,9.586384,2
-1.7525556,0.6512229,9.730036,2
-1.5897499,0.5746084,9.174581,2
-1.6950948,0.51714754,9.069236,2
-1.8387469,0.7757214,9.433155,2
-1.7046716,0.842759,9.825804,2
-1.7717092,0.63206923,10.007763,2
-1.8483237,0.62249243,9.902418,2
-1.9536686,0.61291564,9.653421,2
-2.0207062,0.32561144,9.902418,2
-1.9919758,0.4405331,9.835381,2
-1.6089035,0.81402856,9.730036,2
-1.4748282,0.78529817,9.653421,2
-1.733402,0.5554548,9.902418,2
-1.8100165,0.82360536,10.170568,2
-1.934515,1.091756,9.509769,2
-1.5610195,1.1300632,8.983045,2
-1.8866309,1.1971009,8.781932,2
-1.733402,0.90021986,8.858546,2
-1.7908629,0.5363012,9.433155,2
-1.7046716,0.47884035,9.595961,2
-1.8674773,0.61291564,9.940725,2
-2.1930888,0.5650316,10.409989,2
-2.2409728,0.45968673,10.208876,2
-2.183512,0.33518824,9.892841,2
-2.0973208,0.37349546,9.662998,2
-1.8100165,0.5267244,9.394848,2
-1.9632454,0.46926352,9.720459,2
-2.0207062,0.6799533,9.77792,2
-1.9919758,0.842759,9.509769,2
-2.0973208,1.0151415,9.337387,2
-2.0398598,0.78529817,9.078813,2
-2.087744,0.50757074,9.308656,2
-1.982399,0.60333884,9.56723,2
-1.9440918,0.4213795,9.931149,2
-1.9728222,0.21068975,10.275913,2
-1.8770541,0.40222588,10.084377,2
-1.8100165,0.6703765,9.615114,2
-1.9919758,0.58418524,9.232041,2
-2.1452048,0.8523358,9.040505,2
-2.1643584,1.1013328,9.193734,2
-2.0111294,1.043872,9.481039,2
-1.8866309,0.90021986,9.701305,2
-1.9632454,0.89064306,9.864111,2
-1.982399,0.9576807,9.864111,2
-2.0590134,0.8810662,9.816227,2
-2.0685902,1.1971009,9.433155,2
-2.0973208,1.4460979,9.481039,2
-2.078167,1.6376339,9.634268,2
-2.030283,1.4652514,9.691729,2
-2.1739352,1.1109096,10.007763,2
-2.2026656,0.6895301,9.988609,2
-2.1164744,0.6799533,9.643845,2
-2.0494366,0.90979666,9.605537,2
-1.8483237,1.0342951,9.32781,2
-1.9153614,1.0247183,9.586384,2
-1.9536686,0.9864111,9.77792,2
-2.078167,0.8810662,9.854534,2
-1.982399,0.58418524,9.653421,2
-1.9728222,0.25857377,9.672575,2
-2.1547816,0.32561144,9.643845,2
-1.9440918,0.47884035,8.963891,2
-2.5953147,0.78529817,9.720459,2
-2.1739352,0.81402856,9.691729,2
-2.1164744,0.11492168,9.950302,2
-2.0111294,-0.2681506,10.0748005,2
-1.8866309,0.038307227,9.634268,2
-2.1739352,0.37349546,9.490616,2
-2.231396,0.37349546,9.56723,2
-1.8579005,0.6607997,8.829816,2
-1.934515,0.9768343,8.829816,2
-1.9153614,0.7469909,9.14585,2
-1.9536686,0.59376204,9.528923,2
-2.0590134,0.6991069,9.758766,2
-2.432509,0.6512229,9.902418,2
-2.5378537,0.7278373,9.816227,2
-2.7006595,0.82360536,9.787497,2
-2.3175871,0.58418524,9.959879,2
-1.8770541,0.4213795,9.56723,2
-2.2984335,0.4405331,9.758766,2
-2.4229321,0.7086837,9.222465,2
-2.566584,1.1109096,9.452309,2
-2.327164,0.8619126,9.184157,2
-2.4995465,0.61291564,9.308656,2
-2.4899697,0.7469909,9.56723,2
-2.27928,0.6512229,9.461885,2
-2.135628,0.49799395,9.730036,2
-1.8387469,0.21068975,9.5385,2
-2.1260512,0.2873042,9.816227,2
-2.3175871,0.5554548,9.557653,2
-2.480393,0.6799533,9.586384,2
-2.5761611,0.7086837,9.701305,2
-2.27928,0.33518824,9.414001,2
-2.087744,0.16280572,9.174581,2
-2.0590134,0.16280572,9.126697,2
-2.27928,0.49799395,9.519346,2
-2.0398598,0.60333884,9.548077,2
-2.1164744,0.46926352,9.528923,2
-2.2697031,0.47884035,9.720459,2
-2.2409728,0.63206923,9.662998,2
-2.2505496,0.7182605,9.768343,2
-2.2218192,0.62249243,9.672575,2
-2.0398598,0.49799395,9.3182335,2
-2.327164,0.6512229,9.557653,2
-2.1739352,0.7374141,9.404425,2
-2.2218192,0.7374141,9.461885,2
-2.231396,0.80445176,9.624691,2
-2.0111294,0.63206923,9.471462,2
-2.183512,0.5650316,9.710882,2
-2.231396,0.62249243,9.691729,2
-2.1739352,0.90979666,9.548077,2
-2.0685902,1.0821792,9.346964,2
-2.231396,0.94810385,9.5385,2
-2.384625,0.641646,9.844957,2
-2.2888567,0.6512229,9.797073,2
-2.3080103,0.81402856,9.825804,2
-2.2601264,0.8810662,9.844957,2
-2.030283,0.641646,9.299079,2
-2.2026656,0.61291564,9.375694,2
-2.2505496,0.49799395,9.433155,2
-2.1260512,0.35434186,9.404425,2
-2.1260512,0.47884035,9.595961,2
-1.9632454,0.51714754,9.461885,2
-2.2026656,0.51714754,9.797073,2
-2.1260512,0.5554548,9.557653,2
-2.1547816,0.62249243,9.461885,2
-2.3463178,0.7086837,9.643845,2
-2.1452048,0.48841715,9.414001,2
-2.1452048,0.59376204,9.615114,2
-2.0398598,0.59376204,9.749189,2
-1.8387469,0.49799395,9.528923,2
-2.327164,0.6607997,9.902418,2
-2.2218192,0.7661445,9.557653,2
-2.183512,0.6799533,9.433155,2
-2.2984335,0.7565677,9.615114,2
-1.934515,0.63206923,9.337387,2
-2.1739352,0.6895301,9.605537,2
-2.0015526,0.7182605,9.174581,2
-2.3558946,0.81402856,9.844957,2
-2.183512,1.0534488,10.189722,2
-1.8483237,0.92895025,9.921572,2
-1.9057846,0.58418524,9.758766,2
-1.9249382,0.2873042,8.954314,2
-2.1164744,0.61291564,9.442732,2
-1.8387469,0.6799533,9.337387,2
-1.9440918,0.7757214,9.605537,2
-1.8291701,0.7086837,9.691729,2
-1.934515,0.6895301,9.816227,2
-1.9440918,0.80445176,9.643845,2
-2.0685902,0.8619126,9.998186,2
-1.9536686,0.9959879,9.931149,2
-1.733402,0.9864111,9.77792,2
-1.7525556,0.842759,9.624691,2
-1.7812861,0.7374141,9.500193,2
-1.8962077,0.80445176,9.56723,2
-1.8100165,0.81402856,9.672575,2
-1.6663644,0.51714754,9.519346,2
-1.5705963,0.35434186,9.653421,2
-1.5514427,0.58418524,9.385271,2
-1.7812861,0.8331822,9.394848,2
-1.9440918,0.8810662,9.643845,2
-1.7429788,0.49799395,9.672575,2
-1.7046716,0.20111294,9.950302,2
-1.7142484,0.19153613,10.160992,2
-1.541866,0.5650316,9.672575,2
-1.9728222,0.80445176,9.682152,2
-1.9536686,0.94810385,9.5385,2
-1.7525556,0.8714894,9.279925,2
-1.7238252,0.81402856,9.595961,2
-1.6759412,0.7565677,9.404425,2
-1.8962077,0.5363012,9.433155,2
-1.9536686,0.4309563,9.643845,2
-1.8579005,0.45010993,9.844957,2
-1.6089035,0.6607997,9.816227,2
-1.5993267,0.545878,9.634268,2
-1.8100165,0.5267244,9.490616,2
-2.030283,0.7086837,9.528923,2
-1.9153614,0.82360536,9.730036,2
-1.8291701,0.62249243,9.825804,2
-1.7142484,0.32561144,9.797073,2
-1.6280571,0.095768064,9.624691,2
-1.7621324,0.4213795,9.758766,2
-1.7525556,0.842759,9.691729,2
-1.7525556,1.1204864,9.5385,2
-1.9536686,1.3120226,9.720459,2
-1.7621324,0.9672575,9.519346,2
-1.7142484,0.7086837,9.394848,2
-1.7525556,0.8331822,9.576807,2
-1.8483237,0.8331822,9.624691,2
-1.8962077,0.7182605,9.720459,2
-1.8100165,0.6512229,9.77792,2
-1.7621324,0.7565677,9.653421,2
-1.7046716,0.78529817,9.576807,2
-1.7429788,0.7278373,9.500193,2
-1.7717092,0.7565677,9.586384,2
-1.8770541,0.8714894,9.835381,2
-1.7621324,0.93852705,9.758766,2
-1.9057846,0.8619126,9.605537,2
-1.8483237,0.7565677,9.509769,2
-1.733402,0.7182605,9.375694,2
-1.7621324,0.6799533,9.634268,2
-1.7046716,0.63206923,9.77792,2
-1.7717092,0.6895301,9.902418,2
-1.7812861,0.79487497,9.844957,2
-1.8100165,0.93852705,9.643845,2
-1.8004397,1.13964,9.56723,2
-1.8100165,1.0821792,9.490616,2
-1.8100165,0.8523358,9.5385,2
-1.8387469,0.7661445,9.701305,2
-1.7717092,0.6799533,9.701305,2
-1.7621324,0.6607997,9.662998,2
-1.7621324,0.8714894,9.500193,2
-1.7908629,1.0726024,9.500193,2
-1.8962077,0.78529817,9.758766,2
-1.8770541,0.6991069,9.835381,2
-1.7812861,0.78529817,9.77792,2
-1.7238252,0.92895025,9.605537,2
-1.7812861,0.92895025,9.662998,2
-1.7238252,0.89064306,9.653421,2
-1.8770541,0.81402856,9.557653,2
-1.9728222,0.7757214,9.691729,2
-1.9057846,0.7757214,9.77792,2
-1.7717092,0.8619126,9.797073,2
-1.685518,0.9959879,9.624691,2
-1.8195933,0.9576807,9.758766,2
-1.8004397,0.8619126,9.873688,2
-1.6759412,1.0247183,9.691729,2
-1.7812861,1.2162545,9.653421,2
-1.8291701,1.292869,9.375694,2
-1.8674773,1.1300632,9.279925,2
-1.8866309,0.6799533,9.394848,2
-1.7908629,0.5650316,9.710882,2
-1.5610195,0.37349546,9.902418,2
-1.484405,0.1340753,9.768343,2
-1.5897499,0.39264908,9.691729,2
-1.8579005,0.91937345,9.787497,2
-1.8962077,0.90021986,9.653421,2
-1.9632454,0.641646,9.643845,2
-1.8866309,0.7757214,9.787497,2
-1.7717092,0.8331822,9.816227,2
-1.6663644,0.78529817,9.595961,2
-1.5705963,0.80445176,9.394848,2
-1.7142484,0.80445176,9.528923,2
-1.8291701,0.7182605,9.739613,2
-1.8100165,0.61291564,9.787497,2
-1.7142484,0.63206923,9.682152,2
-1.8004397,0.82360536,9.548077,2
-1.6472107,0.82360536,9.433155,2
-1.8195933,0.6512229,9.787497,2
-1.9440918,0.6991069,10.084377,2
-1.9153614,1.0151415,10.0269165,2
-1.8579005,1.1875241,9.682152,2
-1.7621324,1.0055647,9.423578,2
-1.541866,0.80445176,9.165004,2
-1.6567876,0.7661445,9.289502,2
-1.8770541,0.7086837,9.950302,2
-1.7621324,0.62249243,10.084377,2
-1.8291701,0.6703765,9.969456,2
-1.8100165,0.6895301,9.758766,2
-1.7812861,0.7086837,9.471462,2
-1.7525556,0.78529817,9.490616,2
-1.6567876,0.82360536,9.394848,2
-1.7525556,0.7661445,9.787497,2
-1.6759412,0.51714754,9.682152,2
-1.7525556,0.2681506,9.940725,2
-1.7142484,0.4309563,9.883265,2
-1.6663644,0.92895025,9.548077,2
-1.7908629,0.90021986,9.433155,2
-1.9153614,0.6703765,9.758766,2
-1.7142484,0.51714754,9.720459,2
-1.7621324,0.58418524,9.854534,2
-1.7621324,0.7278373,9.662998,2
-1.7812861,0.80445176,9.5385,2
-1.733402,0.90021986,9.701305,2
-1.6663644,0.82360536,9.892841,2
-1.7812861,0.82360536,9.969456,2
-1.8770541,0.9959879,9.672575,2
-2.0015526,1.0247183,9.576807,2
-1.9440918,0.6991069,9.662998,2
-1.8579005,0.8714894,10.170568,2
-1.7046716,1.2545617,10.151415,2
-1.9057846,0.94810385,10.199299,2
-1.7908629,0.1436521,9.490616,2
-1.8291701,0.22026655,9.691729,2
-1.541866,0.78529817,9.662998,2
-1.1971009,0.8619126,9.232041,2
-1.6567876,0.25857377,9.739613,2
-1.7525556,0.095768064,9.605537,2
-2.078167,0.7661445,9.557653,2
-1.6472107,1.043872,9.222465,2
-1.4556746,0.63206923,9.002198,2
-1.7717092,0.4405331,9.720459,2
-1.8770541,0.59376204,10.151415,2
-1.8483237,0.93852705,9.931149,2
-1.5993267,0.7182605,9.299079,2
-1.8291701,0.45010993,9.605537,2
-1.6376339,0.2777274,9.9790325,2
-1.541866,0.39264908,9.595961,2
-1.8004397,0.5554548,9.758766,2
-1.8962077,0.8331822,9.787497,2
-1.9440918,1.2449849,9.720459,2
-2.0398598,1.4460979,9.624691,2
-1.9728222,0.79487497,9.80665,2
-1.8483237,0.37349546,9.911995,2
-1.6089035,0.34476504,10.04607,2
-1.7621324,0.7182605,10.093954,2
-1.8291701,0.93852705,9.988609,2
-2.0207062,1.091756,9.730036,2
-1.9728222,0.91937345,9.586384,2
-1.9249382,0.60333884,9.56723,2
-1.5993267,0.5746084,9.337387,2
-1.6184803,0.5650316,9.3182335,2
-1.6759412,0.49799395,9.586384,2
-1.7908629,0.6991069,9.691729,2
-2.0111294,0.78529817,10.007763,2
-1.9919758,0.8619126,10.04607,2
-1.8770541,0.7469909,9.768343,2
-1.7046716,0.63206923,9.56723,2
-1.7238252,0.545878,9.519346,2
-1.8291701,0.5746084,9.701305,2
-1.8483237,0.79487497,9.586384,2
-1.8579005,0.9768343,9.586384,2
-1.8962077,0.7278373,9.653421,2
-1.7525556,0.7469909,9.643845,2
-1.7142484,0.81402856,9.634268,2
-1.8195933,0.7661445,9.720459,2
-1.8387469,0.6512229,9.624691,2
-1.8004397,0.6799533,9.653421,2
-1.7621324,0.6991069,9.605537,2
-1.8770541,0.7086837,9.682152,2
-1.8387469,0.78529817,9.605537,2
-1.8291701,0.8523358,9.595961,2
-1.7621324,0.79487497,9.56723,2
-1.7142484,0.8331822,9.662998,2
-1.733402,0.90979666,9.605537,2
-1.8962077,0.89064306,9.653421,2
-1.8674773,0.79487497,9.844957,2
-1.7812861,0.7661445,9.797073,2
-1.8579005,0.7278373,9.911995,2
-1.8291701,0.7374141,9.634268,2
-1.8100165,0.7469909,9.414001,2
-1.7717092,0.5267244,9.404425,2
-1.6280571,0.36391866,9.404425,2
-1.6950948,0.5746084,9.394848,2
-1.8004397,0.79487497,9.56723,2
-1.8674773,0.79487497,9.662998,2
-1.8387469,0.7469909,9.768343,2
-1.8866309,0.7374141,9.940725,2
-1.8004397,0.7661445,9.9790325,2
-1.7238252,0.8331822,9.825804,2
-1.8866309,0.78529817,9.624691,2
-1.8483237,0.78529817,9.423578,2
-1.8579005,0.842759,9.289502,2
-1.8770541,0.94810385,9.356541,2
-1.934515,0.8619126,9.442732,2
-2.1452048,0.90021986,9.481039,2
-2.27928,0.89064306,9.423578,2
-2.1739352,0.8714894,9.5385,2
-2.1164744,0.79487497,9.720459,2
-2.0590134,0.7374141,9.624691,2
-1.9632454,0.7469909,9.624691,2
-2.0494366,0.7182605,9.701305,2
-2.0685902,0.6799533,9.615114,2
-2.0685902,0.6512229,9.730036,2
-1.982399,0.6512229,9.730036,2
-1.982399,0.62249243,9.758766,2
-1.9440918,0.6895301,9.691729,2
-1.982399,0.6895301,9.749189,2
-2.0494366,0.6799533,9.797073,2
-2.0973208,0.6607997,9.940725,2
-2.1068976,0.63206923,9.892841,2
-2.0111294,0.641646,9.902418,2
-1.8962077,0.7086837,9.883265,2
-1.934515,0.8331822,9.80665,2
-1.9153614,0.8810662,9.835381,2
-2.1547816,1.0151415,9.730036,2
-2.0398598,1.0342951,9.653421,2
-1.733402,0.9768343,9.720459,2
-1.9440918,1.0630256,9.653421,2
-1.9919758,1.0342951,9.605537,2
-2.1260512,0.94810385,9.643845,2
-2.135628,0.94810385,9.653421,2
-2.0590134,0.8619126,9.56723,2
-2.0973208,0.63206923,9.548077,2
-2.0398598,0.5554548,9.615114,2
-1.9536686,0.7757214,9.528923,2
-1.934515,0.5746084,9.452309,2
-2.1260512,0.641646,9.481039,2
-2.0685902,0.62249243,9.548077,2
-1.9632454,0.62249243,9.509769,2
-2.0494366,0.6512229,9.835381,2
-1.9249382,0.62249243,9.80665,2
-1.9919758,0.47884035,9.701305,2
-2.135628,0.5267244,9.739613,2
-2.0494366,0.7278373,9.615114,2
-1.934515,0.81402856,9.394848,2
-1.934515,0.91937345,9.3182335,2
-2.030283,0.9959879,9.270349,2
-2.183512,0.80445176,9.758766,2
-2.078167,0.6512229,9.9790325,2
-1.9057846,0.7374141,9.691729,2
-2.0015526,0.79487497,9.730036,2
-2.030283,0.7661445,9.624691,2
-2.078167,0.81402856,9.653421,2
-1.982399,0.89064306,9.615114,2
-1.9536686,0.90021986,9.509769,2
-2.135628,0.7565677,9.682152,2
-2.0973208,0.5746084,9.595961,2
-2.0207062,0.46926352,9.433155,2
-2.0590134,0.7565677,9.452309,2
-2.0015526,0.91937345,9.394848,2
-2.1068976,0.9959879,9.634268,2
-2.2218192,0.9959879,9.931149,2
-2.135628,0.9576807,10.141838,2
-2.0494366,1.043872,10.01734,2
-1.9249382,1.1109096,9.509769,2
-1.9728222,0.81402856,9.337387,2
-1.9057846,0.63206923,9.3182335,2
-1.8387469,0.41180268,9.423578,2
-1.8579005,0.5267244,9.519346,2
-1.8291701,0.7565677,9.471462,2
-1.9632454,0.5746084,9.548077,2
-2.135628,0.5650316,9.682152,2
-2.1452048,0.6607997,9.643845,2
-2.0015526,0.91937345,9.672575,2
-1.8674773,0.9672575,9.595961,2
-1.8962077,0.7182605,9.576807,2
-2.0685902,0.7182605,9.77792,2
-2.030283,0.79487497,9.931149,2
-1.7717092,0.6607997,9.490616,2
-1.982399,0.61291564,9.404425,2
-2.1643584,0.6607997,9.481039,2
-2.0685902,0.7661445,9.461885,2
-2.0207062,0.78529817,9.481039,2
-1.9057846,0.80445176,9.423578,2
-1.9536686,0.7182605,9.720459,2
-1.9249382,0.6799533,9.739613,2
-1.8770541,0.31603462,9.682152,2
-1.934515,0.4213795,9.653421,2
-1.9728222,0.8714894,9.557653,2
-2.0973208,1.0055647,9.576807,2
-2.231396,0.8331822,9.797073,2
-2.0111294,0.6607997,9.701305,2
-1.8770541,0.59376204,9.509769,2
-1.9440918,0.7565677,9.423578,2
-2.2218192,1.1492168,9.825804,2
-2.2505496,1.7525556,9.921572,2
-1.9440918,1.541866,9.615114,2
-1.9153614,0.63206923,9.346964,2
-2.1930888,0.4405331,9.385271,2
-2.4420857,0.5650316,9.653421,2
-1.9153614,0.58418524,9.481039,2
-1.9057846,0.45968673,9.739613,2
-1.9728222,0.25857377,9.691729,2
-2.0973208,0.38307226,9.682152,2
-2.0590134,0.7661445,9.490616,2
-1.982399,1.0055647,9.232041,2
-1.9440918,0.9864111,9.270349,2
-1.8674773,0.6991069,9.576807,2
-1.7812861,0.45010993,9.701305,2
-2.1547816,0.5746084,10.103531,2
-2.0590134,0.9768343,9.816227,2
-1.9249382,1.3024458,9.835381,2
-1.7717092,0.9768343,9.615114,2
-1.7238252,0.6512229,9.184157,2
-2.0207062,0.7661445,9.56723,2
-1.5993267,0.80445176,9.289502,2
-1.532289,0.6799533,9.414001,2
-1.7525556,0.25857377,9.911995,2
-1.6472107,0.1340753,9.490616,2
-1.9153614,0.82360536,9.653421,2
-1.7046716,1.2162545,9.471462,2
-1.5993267,1.043872,9.471462,2
-1.8100165,1.043872,9.988609,2
-1.5131354,0.90979666,9.615114,2
-1.6567876,0.7661445,9.873688,2
-1.8387469,0.9576807,10.151415,2
-1.4077905,0.93852705,9.624691,2
-1.6567876,1.1683705,9.653421,2
-1.733402,1.0534488,9.3661175,2
-1.6280571,0.6991069,9.174581,2
-1.8962077,0.79487497,9.595961,2
-1.4077905,0.8810662,9.5385,2
-1.5227122,0.8331822,9.854534,2
-1.9632454,0.81402856,10.036493,2
-1.8579005,0.7182605,9.595961,2
-1.8866309,0.59376204,9.921572,2
-1.5035586,0.5267244,9.787497,2
-1.340753,0.78529817,9.701305,2
-1.4077905,0.93852705,9.662998,2
-1.532289,0.7661445,9.337387,2
-1.8674773,0.7661445,9.624691,2
-1.733402,0.8619126,9.471462,2
-1.388637,0.8619126,9.452309,2
-1.4939818,0.8523358,9.672575,2
-1.6184803,0.81402856,9.720459,2
-1.8195933,0.8619126,9.883265,2
-1.6089035,0.92895025,9.749189,2
-1.4939818,0.78529817,9.864111,2
-1.685518,0.7565677,10.0269165,2
-1.5514427,0.7374141,9.643845,2
-1.6184803,0.90979666,9.557653,2
-1.5993267,0.93852705,9.414001,2
-1.4460979,0.8714894,9.346964,2
-1.5514427,0.9576807,9.682152,2
-1.484405,0.93852705,9.77792,2
-1.5801731,0.91937345,9.950302,2
-1.6472107,0.8810662,9.730036,2
-1.541866,0.7565677,9.634268,2
-1.6089035,0.90021986,9.615114,2
-1.5514427,0.94810385,9.710882,2
-1.685518,1.0247183,9.902418,2
-1.6663644,1.0055647,9.749189,2
-1.5993267,0.89064306,9.615114,2
-1.4939818,0.7565677,9.615114,2
-1.2545617,0.6799533,9.471462,2
-1.3982137,0.92895025,9.528923,2
-1.685518,1.0726024,9.701305,2
-1.6663644,1.091756,9.615114,2
-1.6663644,0.9768343,9.80665,2
-1.5227122,0.79487497,9.710882,2
-1.6567876,0.7661445,9.883265,2
-1.6567876,0.7469909,9.787497,2
-1.5131354,0.7661445,9.816227,2
-1.541866,0.8523358,9.605537,2
-1.4269443,0.89064306,9.423578,2
-1.5514427,0.92895025,9.557653,2
-1.4460979,0.8331822,9.528923,2
-1.7046716,0.8714894,9.80665,2
-1.7142484,0.9576807,9.730036,2
-1.4939818,0.90021986,9.5385,2
-1.6089035,0.7086837,9.710882,2
-1.5035586,0.59376204,9.691729,2
-1.5035586,0.6703765,9.77792,2
-1.5035586,0.8523358,9.701305,2
-1.5801731,0.90979666,9.787497,2
-1.6759412,0.91937345,9.758766,2
-1.5705963,0.7565677,9.816227,2
-1.6663644,0.6607997,9.749189,2
-1.5227122,0.61291564,9.586384,2
-1.5801731,0.7086837,9.672575,2
-1.5610195,0.90979666,9.653421,2
-1.5610195,0.842759,9.586384,2
-1.733402,0.89064306,9.77792,2
-1.4748282,0.8619126,9.691729,2
-1.5801731,0.842759,9.768343,2
-1.6184803,0.82360536,9.854534,2
-1.6280571,0.90021986,9.730036,2
-1.6089035,0.80445176,9.605537,2
-1.6184803,0.8331822,9.528923,2
-1.6089035,0.9768343,9.471462,2
-1.685518,0.9864111,9.615114,2
-1.7429788,0.9768343,9.931149,2
-1.4652514,0.9576807,9.691729,2
-1.5514427,0.90979666,10.007763,2
-1.685518,0.90979666,9.988609,2
-1.5993267,0.90979666,9.80665,2
-1.5993267,0.9864111,9.624691,2
-1.3599066,0.90979666,9.423578,2
-1.5035586,0.8714894,9.500193,2
-1.5993267,0.78529817,9.595961,2
-1.8579005,0.93852705,9.959879,2
-1.685518,1.1013328,9.797073,2
-1.5131354,0.92895025,9.662998,2
-1.541866,0.78529817,9.672575,2
-1.5227122,0.63206923,9.56723,2
-1.6280571,0.78529817,9.586384,2
-1.4748282,0.6512229,9.557653,2
-1.6089035,0.82360536,9.691729,2
-1.4269443,0.8810662,9.509769,2
-1.6663644,0.81402856,9.892841,2
-1.6567876,0.641646,9.911995,2
-1.5897499,0.60333884,9.825804,2
-1.5705963,0.842759,9.500193,2
-1.3982137,0.78529817,9.356541,2
-1.3982137,0.7661445,9.375694,2
-1.4460979,0.7469909,9.442732,2
-1.7238252,0.8523358,9.835381,2
-1.5801731,0.8331822,9.77792,2
-1.6663644,0.92895025,9.911995,2
-1.6759412,0.90979666,9.730036,2
-1.5897499,0.842759,9.634268,2
-1.5610195,0.89064306,9.471462,2
-1.6472107,1.0534488,9.595961,2
-1.5514427,1.1492168,9.797073,2
-1.5131354,1.1971009,9.787497,2
-1.6759412,1.0821792,9.921572,2
-1.5514427,0.91937345,9.461885,2
-1.7908629,1.0821792,9.739613,2
-1.436521,1.1109096,9.548077,2
-1.5227122,1.0342951,9.682152,2
-1.5801731,0.9576807,9.902418,2
-1.3982137,0.8810662,9.902418,2
-1.3694834,0.641646,9.758766,2
-1.5227122,0.46926352,9.586384,2
-1.5227122,0.41180268,9.069236,2
-1.4939818,0.5554548,8.973468,2
-1.388637,0.7661445,9.289502,2
-1.2162545,0.6607997,9.816227,2
-1.5514427,0.32561144,10.812215,2
-1.5801731,0.29688102,10.697293,2
-1.685518,0.51714754,9.998186,2
-1.436521,0.7086837,9.528923,2
-1.3982137,0.8714894,9.3182335,2
-1.1683705,1.091756,8.944737,2
-1.3024458,1.0630256,9.251195,2
-1.532289,0.94810385,9.548077,2
-1.6759412,0.8619126,10.065224,2
-1.6089035,0.90979666,10.1226845,2
-1.4748282,1.091756,9.959879,2
-1.4077905,1.2545617,9.586384,2
-1.5801731,0.9576807,9.691729,2
-1.685518,0.7661445,9.873688,2
-1.388637,0.92895025,9.653421,2
-1.3790601,1.1683705,9.672575,2
-1.3982137,1.1683705,9.548077,2
-1.5514427,0.9672575,9.548077,2
-1.5035586,0.8619126,9.557653,2
-1.388637,0.89064306,9.595961,2
-1.4173675,0.92895025,9.730036,2
-1.5514427,0.9959879,9.844957,2
-1.6567876,0.91937345,9.883265,2
-1.4556746,0.82360536,9.892841,2
-1.340753,0.7086837,9.77792,2
-1.2641385,0.7661445,9.615114,2
-1.6280571,0.82360536,9.720459,2
-1.532289,0.7757214,9.605537,2
-1.3790601,0.7469909,9.481039,2
-1.340753,0.6991069,9.557653,2
-1.484405,0.81402856,9.615114,2
-1.4939818,0.79487497,9.749189,2
-1.4556746,0.6799533,9.844957,2
-1.3215994,0.63206923,9.720459,2
-1.4173675,0.6991069,9.730036,2
-1.3694834,0.78529817,9.653421,2
-1.5801731,0.81402856,9.950302,2
-1.484405,0.7661445,9.873688,2
-1.4173675,0.78529817,9.825804,2
-1.436521,0.7565677,9.720459,2
-1.6280571,0.90979666,9.835381,2
-1.4460979,0.90021986,9.758766,2
-1.388637,0.81402856,9.624691,2
-1.541866,0.8619126,9.701305,2
-1.541866,0.9768343,9.739613,2
-1.4269443,0.8714894,9.682152,2
-1.541866,0.89064306,9.921572,2
-1.4269443,0.90021986,9.77792,2
-1.5035586,0.93852705,9.80665,2
-1.5131354,0.90021986,9.854534,2
-1.4939818,0.842759,9.911995,2
-1.4748282,0.89064306,9.749189,2
-1.4460979,0.8714894,9.77792,2
-1.4748282,0.93852705,9.576807,2
-1.4652514,0.9672575,9.481039,2
-1.3694834,0.9768343,9.3661175,2
-1.3215994,0.8810662,9.576807,2
-1.4077905,0.79487497,9.586384,2
-1.541866,0.7757214,9.816227,2
-1.6280571,0.79487497,9.797073,2
-1.6567876,0.78529817,9.931149,2
-1.5227122,0.7469909,9.710882,2
-1.5131354,0.78529817,9.605537,2
-1.5035586,0.7661445,9.56723,2
-1.5035586,0.7278373,9.691729,2
-1.5035586,0.7086837,9.56723,2
-1.5801731,0.79487497,9.528923,2
-1.7429788,0.8331822,9.730036,2
-1.733402,0.8810662,9.720459,2
-1.7429788,0.8714894,9.739613,2
-1.7046716,0.82360536,9.787497,2
-1.6280571,0.8714894,9.730036,2
-1.685518,0.90021986,9.77792,2
-1.6376339,0.82360536,9.595961,2
-1.7812861,0.79487497,9.662998,2
-1.6567876,0.8810662,9.634268,2
-1.7238252,1.0151415,9.643845,2
-1.6663644,0.9768343,9.691729,2
-1.685518,0.82360536,9.586384,2
-1.6950948,0.79487497,9.682152,2
-1.7046716,0.82360536,9.787497,2
-1.5610195,0.80445176,9.77792,2
-1.6663644,0.842759,9.797073,2
-1.7238252,0.81402856,9.624691,2
-1.7812861,0.80445176,9.452309,2
-1.7812861,0.79487497,9.414001,2
-1.6472107,0.78529817,9.385271,2
-1.6184803,0.8523358,9.576807,2
-1.6567876,0.8714894,9.931149,2
-1.7429788,0.7469909,9.998186,2
-1.8579005,0.81402856,10.093954,2
-1.8195933,0.81402856,9.854534,2
-1.7812861,0.7757214,9.768343,2
-1.6184803,0.7661445,9.423578,2
-1.5801731,0.90021986,9.299079,2
-1.685518,0.9672575,9.442732,2
-1.5705963,1.0534488,9.490616,2
-1.6567876,0.89064306,9.605537,2
-1.6567876,0.7565677,9.701305,2
-1.7238252,0.7086837,9.739613,2
-1.7046716,0.6895301,9.595961,2
-1.7717092,0.79487497,9.605537,2
-1.6376339,0.8331822,9.548077,2
-1.7429788,0.8523358,9.519346,2
-1.8962077,0.90979666,9.662998,2
-1.9632454,0.89064306,9.787497,2
-1.8674773,0.7374141,9.710882,2
-1.8962077,0.6512229,9.710882,2
-1.8962077,0.6703765,9.643845,2
-1.8195933,0.6895301,9.509769,2
-1.8291701,0.7374141,9.481039,2
-1.8770541,0.81402856,9.481039,2
-1.9632454,0.7469909,9.710882,2
-1.9249382,0.641646,9.787497,2
-1.8579005,0.61291564,9.720459,2
-1.8866309,0.6512229,9.528923,2
-1.934515,0.6607997,9.433155,2
-1.9440918,0.7182605,9.394848,2
-1.8387469,0.78529817,9.461885,2
-1.8291701,0.6799533,9.682152,2
-1.9249382,0.7182605,9.691729,2
-2.1164744,0.7661445,9.892841,2
-1.934515,0.79487497,9.615114,2
-1.8004397,0.78529817,9.5385,2
-1.8291701,0.7278373,9.653421,2
-1.8291701,0.79487497,9.624691,2
-1.9153614,0.842759,9.433155,2
-1.9249382,0.842759,9.423578,2
-1.9728222,0.78529817,9.595961,2
-1.7908629,0.7661445,9.509769,2
-1.8387469,0.78529817,9.749189,2
-1.9057846,0.9864111,9.77792,2
-1.9057846,0.9768343,9.730036,2
-2.0494366,0.82360536,9.797073,2
-1.9536686,0.46926352,9.528923,2
-1.934515,0.31603462,9.548077,2
-1.733402,0.35434186,9.193734,2
-1.8195933,0.7661445,9.251195,2
-2.0494366,1.0055647,9.586384,2
-1.9536686,0.7469909,9.844957,2
-1.9153614,0.49799395,10.007763,2
-1.7812861,0.16280572,10.132261,2
-1.685518,-0.019153614,10.113108,2
-1.8674773,0.39264908,9.605537,2
-1.7812861,0.6799533,8.954314,2
-2.135628,0.7469909,8.63828,2
-1.934515,0.7757214,8.695741,2
-1.8579005,0.6799533,9.021352,2
-1.9440918,0.63206923,9.730036,2
-1.9536686,0.81402856,9.9790325,2
-2.0111294,0.8714894,10.093954,2
-2.183512,1.0055647,10.0269165,2
-2.2026656,1.043872,9.854534,2
-2.0398598,0.80445176,9.662998,2
-1.9632454,0.8619126,9.548077,2
-1.8579005,0.90021986,9.557653,2
-1.9440918,0.90979666,9.56723,2
-2.1164744,0.9959879,9.615114,2
-2.0973208,1.091756,9.471462,2
-1.9632454,1.043872,9.414001,2
-1.8866309,0.82360536,9.452309,2
-2.0207062,0.842759,9.595961,2
-2.030283,0.90021986,9.423578,2
-2.1260512,0.90021986,9.710882,2
-2.030283,0.8523358,9.816227,2
-1.8674773,0.7661445,9.797073,2
-1.8962077,0.5554548,9.77792,2
-1.9249382,0.51714754,9.672575,2
-1.8579005,0.6607997,9.356541,2
-2.030283,0.7278373,9.423578,2
-2.0398598,0.6512229,9.442732,2
-1.9632454,0.62249243,9.490616,2
-1.9440918,0.6991069,9.5385,2
-1.8674773,0.6991069,9.576807,2
-1.982399,0.641646,9.691729,2
-2.0111294,0.6991069,9.739613,2
-1.9632454,0.7374141,9.835381,2
-1.982399,0.8331822,9.825804,2
-2.0398598,0.8619126,9.643845,2
-2.0973208,0.8810662,9.414001,2
-2.0590134,0.80445176,9.452309,2
-2.0015526,0.80445176,9.548077,2
-1.9249382,0.80445176,9.672575,2
-2.0398598,0.81402856,9.710882,2
-2.0973208,0.80445176,9.730036,2
-2.135628,0.8810662,9.682152,2
-2.0590134,0.8810662,9.672575,2
-2.0015526,0.842759,9.643845,2
-1.9440918,0.80445176,9.548077,2
-2.0015526,0.7182605,9.615114,2
-2.0398598,0.79487497,9.56723,2
-2.0111294,0.7374141,9.624691,2
-1.9632454,0.6799533,9.605537,2
-1.9728222,0.6607997,9.662998,2
-2.0494366,0.7086837,9.662998,2
-2.0207062,0.6512229,9.730036,2
-2.030283,0.641646,9.720459,2
-1.9440918,0.6895301,9.5385,2
-1.9919758,0.6991069,9.471462,2
-1.9728222,0.6512229,9.481039,2
-1.982399,0.63206923,9.528923,2
-1.934515,0.6512229,9.586384,2
-1.9632454,0.6895301,9.710882,2
-2.1260512,0.6512229,9.768343,2
-2.0590134,0.7278373,9.730036,2
-2.0207062,0.7565677,9.615114,2
-1.9919758,0.7661445,9.481039,2
-2.0590134,0.7469909,9.490616,2
-2.0111294,0.7086837,9.5385,2
-1.934515,0.7086837,9.624691,2
-1.9249382,0.7469909,9.749189,2
-2.0590134,0.81402856,9.835381,2
-2.1930888,0.90021986,9.758766,2
-2.1547816,0.8523358,9.653421,2
-2.0494366,0.7086837,9.56723,2
-2.0494366,0.7086837,9.586384,2
-2.0494366,0.7086837,9.586384,2
-2.030283,0.7086837,9.500193,2
-2.030283,0.7469909,9.490616,2
-2.0398598,0.7757214,9.423578,2
-2.0398598,0.81402856,9.442732,2
-2.0207062,0.82360536,9.414001,2
-1.982399,0.842759,9.356541,2
-1.9440918,0.8331822,9.394848,2
-1.9632454,0.8619126,9.404425,2
-1.9632454,0.8810662,9.471462,2
-1.9440918,0.89064306,9.481039,2
-1.982399,0.90979666,9.615114,2
-1.9919758,0.90021986,9.595961,2
-1.9632454,0.89064306,9.576807,2
-2.0398598,0.90979666,9.710882,2
-2.1452048,0.8714894,9.816227,2
-2.1739352,0.89064306,9.835381,2
-2.1643584,0.8810662,9.835381,2
-2.135628,0.89064306,9.883265,2
-2.1164744,0.8619126,9.854534,2
-2.087744,0.79487497,9.892841,2
-1.9919758,0.78529817,9.854534,2
-1.982399,0.7374141,9.864111,2
-2.030283,0.7469909,9.844957,2
-2.0207062,0.7374141,9.892841,2
-1.9632454,0.7278373,9.77792,2
-1.9249382,0.7278373,9.739613,2
-1.9249382,0.81402856,9.557653,2
-1.7621324,0.7757214,9.385271,2
-1.8674773,0.81402856,9.385271,2
-1.7717092,0.8331822,9.414001,2
-1.7046716,0.80445176,9.442732,2
-1.8770541,0.7182605,9.844957,2
-1.9536686,0.7661445,9.844957,2
-1.7812861,0.8714894,9.950302,2
-1.7046716,0.842759,9.892841,2
-1.6184803,0.7182605,9.864111,2
-1.7717092,0.7469909,9.653421,2
-1.7621324,0.79487497,9.586384,2
-1.6663644,0.8523358,9.32781,2
-1.6472107,0.9672575,9.461885,2
-1.7046716,0.9768343,9.490616,2
-1.5705963,0.8523358,9.548077,2
-1.7142484,0.8619126,9.643845,2
-1.7238252,0.93852705,9.80665,2
-1.733402,0.94810385,9.854534,2
-1.7142484,0.92895025,9.931149,2
-1.7812861,0.94810385,9.80665,2
-1.8483237,0.92895025,9.768343,2
-1.7908629,0.89064306,9.825804,2
-1.6950948,0.81402856,9.739613,2
-1.7525556,0.7278373,9.701305,2
-1.9249382,0.6607997,9.471462,2
-1.8674773,0.7086837,9.289502,2
-1.7717092,0.7565677,9.11712,2
-1.7238252,0.78529817,9.375694,2
-1.6376339,0.81402856,9.509769,2
-1.4652514,0.78529817,9.682152,2
-1.8387469,0.6703765,10.323798,2
-2.0111294,0.641646,10.323798,2
-2.1452048,0.7565677,10.266336,2
-2.0207062,0.79487497,10.093954,2
-1.9632454,0.8714894,9.911995,2
-1.436521,0.8331822,9.088389,2
-1.7621324,0.78529817,9.232041,2
-1.7238252,0.842759,9.011775,2
-1.7429788,0.7182605,9.069236,2
-1.7812861,0.7182605,9.203311,2
-1.7621324,0.82360536,9.615114,2
-1.8866309,0.8714894,10.247183,2
-1.7525556,0.8619126,10.697293,2
-1.7908629,0.7661445,10.6398325,2
-1.9728222,0.7278373,10.43872,2
-1.8579005,0.6799533,9.595961,2
-2.0398598,0.6991069,9.509769,2
-1.6376339,0.81402856,9.059659,2
-1.2545617,0.7278373,8.561666,2
-1.5993267,0.62249243,9.155427,2
-1.8770541,0.6607997,9.80665,2
-2.1068976,0.78529817,10.582372,2
-2.1452048,0.89064306,10.831368,2
-2.1739352,0.9672575,10.649409,2
-1.934515,0.82360536,10.103531,2
-1.6089035,0.7661445,9.299079,2
-1.6184803,0.8331822,8.935161,2
-1.5610195,0.6895301,8.810662,2
-1.5705963,0.60333884,9.155427,2
-1.8004397,0.79487497,9.481039,2
-1.9728222,0.8619126,9.940725,2
-2.1068976,0.81402856,10.170568,2
-2.078167,0.82360536,10.247183,2
-2.1452048,0.8523358,10.141838,2
-1.9153614,0.8810662,9.844957,2
-1.934515,0.7565677,9.643845,2
-1.934515,0.78529817,9.385271,2
-1.9919758,0.7565677,9.174581,2
-2.0973208,0.7374141,9.3182335,2
-2.0494366,0.80445176,9.576807,2
-1.8770541,0.7182605,9.548077,2
-2.0111294,0.78529817,9.643845,2
-2.0494366,0.8523358,9.720459,2
-2.087744,0.8810662,9.672575,2
-1.9919758,0.7757214,9.643845,2
-2.0494366,0.7182605,9.605537,2
-2.0015526,0.6991069,9.5385,2
-2.0207062,0.61291564,9.548077,2
-2.030283,0.5554548,9.5385,2
-2.030283,0.59376204,9.509769,2
-2.1260512,0.6607997,9.576807,2
-2.0111294,0.641646,9.605537,2
-1.9440918,0.641646,9.595961,2
-1.8291701,0.641646,9.576807,2
-2.0111294,0.6607997,9.662998,2
-2.078167,0.6895301,9.576807,2
-2.0973208,0.6512229,9.605537,2
-2.030283,0.6799533,9.624691,2
-2.0111294,0.7565677,9.768343,2
-1.982399,0.78529817,9.624691,2
-2.1452048,0.7565677,9.624691,2
-2.0494366,0.6991069,9.509769,2
-1.9919758,0.6607997,9.461885,2
-2.0398598,0.6799533,9.605537,2
-2.0494366,0.7182605,9.701305,2
-2.1452048,0.8810662,9.758766,2
-2.1643584,0.89064306,9.749189,2
-2.1547816,0.81402856,9.672575,2
-2.2122424,0.7374141,9.605537,2
-2.183512,0.6799533,9.414001,2
-2.1739352,0.7469909,9.394848,2
-2.2218192,0.7757214,9.519346,2
-2.1547816,0.7661445,9.576807,2
-2.2218192,0.6512229,9.586384,2
-2.3080103,0.6512229,9.682152,2
-2.3175871,0.6799533,9.548077,2
-2.2409728,0.6607997,9.452309,2
-2.1452048,0.60333884,9.471462,2
-2.135628,0.49799395,9.471462,2
-2.1930888,0.5267244,9.5385,2
-2.384625,0.60333884,9.653421,2
-2.327164,0.5554548,9.605537,2
-2.384625,0.51714754,9.528923,2
-2.4612393,0.50757074,9.452309,2
-2.7102363,0.47884035,9.433155,2
-2.7964275,0.51714754,9.442732,2
-2.6623523,0.6703765,9.404425,2
-2.3175871,0.7086837,9.509769,2
-2.1643584,0.62249243,9.375694,2
-2.5378537,0.6991069,9.586384,2
-2.7868507,0.6703765,9.595961,2
-2.7964275,0.58418524,9.528923,2
-2.681506,0.60333884,9.739613,2
-2.480393,0.7469909,9.471462,2
-2.4708161,0.6991069,9.595961,2
-2.6240451,0.7374141,9.595961,2
-2.4420857,0.7565677,9.385271,2
-2.4420857,0.7469909,9.289502,2
-2.3750482,0.7469909,9.232041,2
-2.4995465,0.81402856,9.375694,2
-2.633622,0.842759,9.5385,2
-2.5761611,0.7374141,9.576807,2
-2.6240451,0.79487497,9.883265,2
-2.480393,0.78529817,9.844957,2
-2.5378537,0.7182605,9.710882,2
-2.7102363,0.6799533,9.864111,2
-2.72939,0.63206923,9.615114,2
-2.480393,0.41180268,9.203311,2
-2.5570073,0.35434186,9.375694,2
-2.4516625,0.4405331,9.270349,2
-2.4995465,0.6607997,9.471462,2
-2.528277,0.6703765,9.615114,2
-2.5953147,0.6991069,9.873688,2
-2.6048915,0.6991069,9.691729,2
-2.7389667,0.7374141,9.730036,2
-2.528277,0.6607997,9.442732,2
-2.3558946,0.49799395,9.270349,2
-2.3750482,0.62249243,9.155427,2
-2.4899697,0.7757214,9.414001,2
-2.585738,0.78529817,9.605537,2
-2.681506,0.6895301,9.720459,2
-2.681506,0.59376204,9.730036,2
-2.4133554,0.5363012,9.605537,2
-2.384625,0.51714754,9.528923,2
-2.4420857,0.38307226,9.509769,2
-2.5187001,0.5554548,9.481039,2
-2.4995465,0.60333884,9.471462,2
-2.5187001,0.61291564,9.595961,2
-2.5761611,0.5746084,9.605537,2
-2.5378537,0.5650316,9.634268,2
-2.3463178,0.51714754,9.461885,2
-2.2505496,0.5746084,9.519346,2
-2.27928,0.641646,9.414001,2
-2.2984335,0.7374141,9.356541,2
-2.6240451,0.7374141,9.797073,2
-2.4037786,0.6703765,9.739613,2
-2.231396,0.45968673,9.873688,2
-2.0685902,0.21068975,9.835381,2
-2.1739352,0.62249243,9.452309,2
-2.2026656,0.8619126,9.232041,2
-2.3080103,0.89064306,9.222465,2
-2.0015526,0.63206923,9.193734,2
-1.9153614,0.5363012,9.423578,2
-1.9440918,0.45968673,9.557653,2
-2.2122424,0.45968673,9.969456,2
-2.2218192,0.5650316,9.911995,2
-2.2888567,0.7374141,9.80665,2
-2.3080103,0.82360536,9.739613,2
-2.030283,0.8619126,9.471462,2
-2.0015526,0.5746084,9.423578,2
-1.982399,0.41180268,9.404425,2
-2.0111294,0.36391866,9.519346,2
-2.0015526,0.5746084,9.576807,2
-1.9919758,0.5746084,9.768343,2
-2.1164744,0.48841715,9.883265,2
-2.030283,0.61291564,9.615114,2
-2.135628,0.78529817,9.557653,2
-2.0015526,0.6512229,9.528923,2
-1.934515,0.40222588,9.490616,2
-1.9728222,0.23942018,9.5385,2
-1.9728222,0.36391866,9.423578,2
-1.9919758,0.545878,9.500193,2
-2.0111294,0.6991069,9.595961,2
-1.8962077,0.6703765,9.557653,2
-2.0111294,0.59376204,9.701305,2
-2.135628,0.60333884,9.634268,2
-2.1452048,0.5554548,9.56723,2
-1.982399,0.48841715,9.433155,2
-1.9057846,0.51714754,9.509769,2
-1.9632454,0.7182605,9.481039,2
-2.0973208,0.9768343,9.414001,2
-2.1260512,0.90021986,9.452309,2
-1.9728222,0.5267244,9.557653,2
-2.0590134,0.5267244,9.825804,2
-1.982399,0.59376204,9.80665,2
-2.030283,0.545878,9.80665,2
-2.183512,0.58418524,9.864111,2
-2.0973208,0.8714894,9.77792,2
-2.0015526,1.0055647,9.528923,2
-2.0015526,0.7086837,9.557653,2
-2.0973208,0.49799395,9.509769,2
-2.078167,0.45010993,9.423578,2
-2.1260512,0.45010993,9.643845,2
-2.0207062,0.7757214,9.576807,2
-2.0973208,0.7565677,9.825804,2
-2.087744,0.7182605,9.854534,2
-2.1068976,0.7374141,9.797073,2
-2.2026656,0.46926352,9.883265,2
-2.1164744,0.22026655,9.854534,2
-2.0015526,0.29688102,9.883265,2
-2.0590134,0.7469909,9.605537,2
-2.0398598,0.90979666,9.414001,2
-2.0590134,1.1683705,9.222465,2
-2.0685902,1.0247183,9.385271,2
-2.0207062,0.46926352,9.662998,2
-1.982399,0.095768064,9.911995,2
-1.8962077,0.41180268,9.758766,2
-2.0111294,0.89064306,9.701305,2
-2.1260512,1.0247183,9.528923,2
-2.1930888,0.9768343,9.548077,2
-2.1547816,0.641646,9.662998,2
-1.9919758,0.4309563,9.605537,2
-2.0111294,0.38307226,9.768343,2
-2.0973208,0.80445176,9.682152,2
-2.135628,1.0630256,9.634268,2
-2.183512,1.0534488,9.643845,2
-2.1068976,0.6512229,9.77792,2
-1.9919758,0.50757074,9.77792,2
