-0.92895025,-4.807557,5.3725886,3
-3.1411927,-2.8921957,1.6567876,3
-2.0973208,-8.360553,3.4955344,3
-4.5681367,-12.727576,5.3725886,3
-2.8443117,0.5363012,7.07726,3
-5.9184666,-12.133814,3.323152,3
-4.4915223,-8.714894,4.4915223,3
-2.1930888,-2.6144683,3.217807,3
-4.4340615,-9.414001,5.5162406,3
-4.9320555,-11.903971,4.8745947,3
-3.1411927,-9.433155,6.4068837,3
-4.663905,-8.590396,3.1028855,3
-1.4173675,-7.4028716,2.9783869,3
-1.388637,-4.146757,5.765238,3
-3.2369606,-5.363012,3.7541082,3
1.0630256,-3.9073372,2.0207062,3
-0.90021986,-2.825158,8.734048,3
-4.060566,-16.989256,3.2848446,3
-0.8331822,-5.315128,2.5091233,3
-4.9895163,-10.429143,3.2273839,3
0.9959879,-3.6296098,4.146757,3
0.076614454,-11.750742,4.003105,3
-2.030283,-12.53604,3.8115692,3
-1.9728222,-6.3781533,1.733402,3
-3.715801,-8.848969,4.759673,3
-2.882619,-7.9008656,6.3206925,3
-4.7979803,-12.670115,4.596867,3
-3.122039,-6.397307,2.1068976,3
-6.129156,-7.192182,0.38307226,3
-0.545878,-0.63206923,0.23942018,3
-0.5554548,-4.185065,1.1971009,3
-3.323152,-7.086837,5.592855,3
-5.765238,-8.532935,5.401319,3
-3.1316159,-7.441179,4.510676,3
-4.1371803,-11.21444,5.315128,3
-6.531382,-10.323798,4.4723687,3
-5.267244,-16.347609,6.14831,3
-2.2122424,-7.335834,3.6774938,3
-0.8331822,-12.306197,3.2465374,3
-2.633622,-10.381259,6.196194,3
-1.7621324,-9.155427,2.3750482,3
-5.439626,-9.481039,4.3478703,3
-3.8019924,-7.28795,6.4547677,3
-3.2273839,-1.2737153,6.090849,3
-1.8483237,-3.7732618,3.964798,3
-1.5131354,-0.5267244,2.8921957,3
-0.9768343,-3.0933087,3.083732,3
-4.3478703,-6.9048777,3.3135753,3
-3.1028855,-14.30775,5.506664,3
-3.5817258,-6.215348,3.2561142,3
-3.3423057,-12.191275,5.48751,3
-4.414908,-12.363658,6.129156,3
-2.2697031,-9.892841,4.2999864,3
-1.8291701,-8.791509,3.0071173,3
-3.5529952,-11.137826,5.1810527,3
-3.4093432,-8.437167,4.098873,3
-5.3247046,-10.879252,4.9703627,3
-4.261679,-7.651869,5.3247046,3
-3.1890767,-6.196194,3.6583402,3
0.36391866,-1.4939818,1.2258313,3
-1.4748282,0.11492168,1.9057846,3
-2.1547816,-3.8881836,4.3957543,3
-3.6391866,-9.279925,4.1371803,3
-2.920926,-7.929596,4.8745947,3
-2.2122424,-11.856087,3.1028855,3
-4.3287168,-12.5743475,5.3247046,3
-3.6104562,-10.97502,4.644751,3
-1.541866,-9.624691,4.2425256,3
-1.9632454,-8.791509,3.572149,3
-2.2409728,-12.545617,4.7500963,3
-3.122039,-8.2169,3.7349546,3
-4.462792,-8.8777,4.098873,3
-3.8019924,-10.25676,6.5696893,3
-4.501099,-6.799533,3.9839516,3
1.0534488,-0.8810662,0.6799533,3
-2.4612393,-1.8004397,3.4284968,3
-2.7581203,-5.094861,5.142745,3
-2.3750482,-4.1371803,4.3478703,3
-4.5872903,-8.6095495,1.733402,3
-2.3750482,-10.448297,3.7924154,3
-3.9935284,-11.089942,4.462792,3
-4.453215,-9.615114,4.060566,3
-2.1068976,-12.411542,5.046977,3
-3.083732,-9.969456,4.2042184,3
-1.6759412,-9.126697,3.2848446,3
-3.1316159,-10.572795,5.401319,3
-2.4708161,-9.5385,3.6966474,3
-2.7868507,-7.776367,3.9360676,3
-3.2369606,-7.8050976,4.4340615,3
-4.31914,-4.4340615,3.1507695,3
-3.3518825,-1.2641385,3.8307228,3
-1.8579005,-1.283292,2.5570073,3
-2.9592333,-5.3725886,5.161899,3
-4.4436383,-9.624691,3.4093432,3
-3.715801,-8.303091,4.8841715,3
-2.2505496,-9.32781,3.3327289,3
-4.261679,-12.947843,4.5394063,3
-4.0892963,-10.802638,5.93762,3
-2.0590134,-9.56723,4.644751,3
-2.8634653,-9.050082,3.4284968,3
-3.8594532,-10.007763,4.2904096,3
-3.8498764,-11.405977,3.6870706,3
-3.1794999,-7.603985,3.8786068,3
-4.6830587,-8.130709,5.353435,3
-4.2999864,-6.943185,4.3766007,3
2.384625,-0.15322891,1.8291701,3
0.45968673,-1.5131354,1.6089035,3
-2.7868507,-6.493075,6.081272,3
-3.8019924,-3.0358477,3.3423057,3
-3.6391866,-9.346964,4.0892963,3
-1.388637,-10.793061,4.4340615,3
-2.8443117,-8.992621,4.1946416,3
-5.602432,-12.325351,4.012682,3
-2.0973208,-9.921572,4.9895163,3
-2.7581203,-9.950302,3.9360676,3
-2.2697031,-9.279925,3.9743748,3
-4.1371803,-8.743625,2.9975405,3
-3.3614593,-9.758766,4.7500963,3
-3.7349546,-7.2113357,4.4915223,3
-4.1946416,-7.9391727,5.5737014,3
-3.7445314,-4.9703627,3.5434184,3
-2.7006595,-3.1411927,1.9728222,3
-2.834735,-3.9264908,4.232949,3
-1.5801731,-0.095768064,3.0933087,3
-5.4300494,-9.758766,1.5801731,3
-4.721366,-12.813767,6.196194,3
-4.0222588,-6.789956,2.9879637,3
-2.5953147,-9.193734,4.4723687,3
-1.2066777,-12.344504,5.104438,3
-2.7102363,-11.405977,6.081272,3
-2.7868507,-7.785944,2.0015526,3
-2.4516625,-8.599973,3.6774938,3
-4.960786,-10.0269165,4.7500963,3
-3.5817258,-11.252748,4.951209,3
-2.5761611,-6.2632318,4.5394063,3
-3.3997664,-7.7093296,4.4436383,3
-3.083732,-4.0892963,4.405331,3
-0.40222588,-0.51714754,0.90979666,3
-1.7812861,-3.016694,4.223372,3
-4.0414124,-6.7708025,5.554548,3
-2.528277,-5.7843914,4.510676,3
-4.6926355,-9.682152,3.964798,3
-3.064578,-12.899959,2.6719291,3
-3.6583402,-10.486604,5.2768207,3
-3.4093432,-10.907983,4.2042184,3
-1.3982137,-10.668563,5.4300494,3
-2.327164,-9.14585,3.3901896,3
-3.3423057,-9.624691,2.9113493,3
-4.5394063,-9.481039,4.367024,3
-3.3039982,-9.040505,4.606444,3
-4.3287168,-7.785944,4.050989,3
-3.5913026,-5.851429,3.9360676,3
-1.7046716,-2.5761611,3.8019924,3
-1.6472107,-2.4420857,2.3175871,3
-3.0358477,-2.7389667,4.817134,3
-3.5338416,-5.2863975,3.6391866,3
-3.169923,-7.7189064,4.7022123,3
-3.7349546,-11.60709,5.104438,3
-3.3423057,-9.672575,3.7349546,3
-5.104438,-11.166556,4.903325,3
-4.3382936,-10.0748005,4.3766007,3
-2.6048915,-9.423578,4.654328,3
-2.7102363,-9.768343,4.5298295,3
-3.6104562,-10.247183,3.7828386,3
-3.4476504,-7.52737,4.0797195,3
-4.644751,-8.628703,5.2480903,3
-3.8498764,-9.088389,4.673482,3
-3.064578,-5.104438,2.882619,3
-0.009576807,-1.388637,3.0454245,3
-0.9959879,-0.58418524,2.767697,3
-5.161899,-8.504205,7.9870567,3
-2.2505496,-1.0055647,1.6759412,3
-3.821146,-9.5385,4.050989,3
-1.5610195,-11.415554,3.8786068,3
-4.3478703,-12.401965,2.432509,3
-4.8458643,-13.570335,3.6966474,3
-4.31914,-5.6215854,4.5298295,3
-0.20111294,-10.812215,4.1946416,3
-3.8594532,-12.0571995,5.7269306,3
-3.6870706,-7.776367,1.8483237,3
-5.2768207,-10.007763,4.6926355,3
-2.72939,-7.575254,5.7269306,3
-5.650316,-7.7572136,5.0661306,3
-5.2480903,-6.205771,3.9073372,3
0.6607997,1.1683705,-0.4309563,3
-4.4244847,-2.0590134,4.951209,3
-2.3942018,-3.7541082,3.6774938,3
-2.8538885,-7.029376,5.257667,3
-3.5913026,-9.040505,3.8977604,3
-4.357447,-10.409989,2.4708161,3
-5.659893,-10.563218,4.3766007,3
-4.510676,-11.559206,4.2425256,3
-2.4995465,-8.916007,4.4915223,3
-3.5242648,-10.419566,4.711789,3
-1.5897499,-9.174581,3.1603463,3
-6.0046577,-11.990162,4.9703627,3
-3.4763808,-9.232041,2.2888567,3
-4.271256,-6.9144545,5.947197,3
-4.0797195,-7.469909,6.1100025,3
-4.865018,-7.8529816,4.8267107,3
-0.05746084,-0.7374141,2.183512,3
-0.038307227,-1.5993267,3.715801,3
-1.13964,-4.0701427,2.3175871,3
-5.631162,-12.727576,8.37013,3
-4.5298295,-6.157887,3.1986535,3
-4.185065,-8.015787,2.384625,3
-2.3750482,-12.105083,5.3342814,3
-3.2369606,-9.816227,4.185065,3
-5.046977,-11.597513,5.650316,3
-4.213795,-10.697293,4.2042184,3
-1.5801731,-8.820239,2.1547816,3
-4.3382936,-9.375694,3.9552212,3
-4.146757,-9.605537,3.821146,3
-5.171476,-8.676587,5.094861,3
-2.6623523,-6.253655,3.217807,3
-5.6120086,-5.947197,3.7541082,3
-3.0262709,-1.6280571,1.532289,3
-2.3942018,-2.2697031,3.169923,3
-3.9935284,-7.3549876,5.1523223,3
-4.10845,-4.213795,5.9567738,3
-2.8060043,-11.36767,4.5394063,3
-2.3942018,-12.0571995,4.8841715,3
-4.0892963,-11.243171,5.861006,3
-4.644751,-10.630256,5.104438,3
-2.1164744,-8.734048,4.156334,3
-2.873042,-10.295067,3.1316159,3
-4.0318356,-10.697293,3.9456444,3
-2.777274,-6.5026517,4.1276035,3
-4.4915223,-9.107543,3.9360676,3
-6.9719152,-9.557653,6.081272,3
-4.2042184,-5.4779334,3.8115692,3
0.8619126,-3.1603463,0.7661445,3
-1.0630256,-2.4516625,3.8881836,3
-3.1507695,-4.4915223,4.7405195,3
-2.2697031,-1.982399,5.104438,3
-4.1946416,-10.5919485,3.5434184,3
-3.4763808,-8.7053175,3.4093432,3
-4.654328,-13.493721,5.00867,3
-3.5625722,-5.9280434,4.0701427,3
-5.592855,-12.229582,5.0661306,3
-2.135628,-11.310209,5.535394,3
-3.8307228,-10.1226845,2.3654714,3
-3.3806129,-6.5505357,2.7006595,3
-4.0701427,-9.385271,5.5641246,3
-5.506664,-12.287044,5.592855,3
-4.596867,-7.086837,3.6966474,3
1.0151415,-2.0494366,4.8267107,3
-5.171476,-2.2505496,1.1587936,3
-4.10845,-6.3589997,4.606444,3
0.4309563,-0.38307226,4.261679,3
0.25857377,-2.9592333,3.1794999,3
-5.1140146,-9.586384,6.090849,3
-2.9496565,-15.974113,1.5705963,3
-7.5465236,-5.6407394,-1.0821792,3
-3.3423057,-12.98615,8.341399,3
-4.414908,-11.664551,9.3182335,3
-3.2752678,-7.7093296,-0.9672575,3
-1.8291701,-8.983045,1.8004397,3
-7.2113357,-7.9487495,4.0892963,3
-3.0550013,-9.9790325,5.439626,3
-6.0621185,-10.1226845,4.654328,3
-5.104438,-7.843405,3.9456444,3
-1.733402,-2.3558946,1.3120226,3
-3.1986535,-1.982399,3.0262709,3
-1.9632454,-4.999093,3.7062242,3
-3.1986535,-2.5378537,5.1906295,3
-3.8977604,-6.885724,3.821146,3
-6.0046577,-15.409082,7.469909,3
-0.12449849,-5.602432,0.9768343,3
-7.326257,-11.348516,3.964798,3
-1.6663644,-24.880545,9.346964,3
-4.232949,-1.532289,4.711789,3
-1.2354081,-7.4124484,1.2162545,3
-4.7022123,-12.564771,6.0046577,3
-3.3039982,-9.835381,3.4380736,3
-4.280833,-7.2113357,5.449203,3
-4.7979803,-8.054094,5.00867,3
-2.087744,-6.3111157,4.31914,3
-4.5872903,-4.7788267,3.4955344,3
-0.6703765,1.0821792,0.6512229,3
-2.0973208,-3.8307228,3.6487634,3
-5.0278234,-7.1059904,5.1523223,3
-4.3287168,-7.029376,4.76925,3
-4.060566,-10.601525,4.012682,3
-4.098873,-10.515334,3.6391866,3
-5.3821654,-10.457873,4.0222588,3
-3.3518825,-10.773908,5.315128,3
-4.9416323,-9.595961,3.5434184,3
-1.5514427,-11.281479,1.3503298,3
-2.8634653,-8.264784,3.3997664,3
-4.223372,-8.226477,4.0414124,3
-4.55856,-8.580819,4.663905,3
-5.9280434,-8.676587,4.6926355,3
-3.4284968,-5.851429,2.6527755,3
0.60333884,-0.047884032,2.2888567,3
-0.58418524,-1.9536686,4.0701427,3
-5.9567738,-5.6120086,6.540959,3
-2.9496565,-1.1492168,2.3750482,3
-4.8267107,-10.093954,4.232949,3
-1.8674773,-11.760319,2.231396,3
-4.2904096,-10.486604,4.1180267,3
-5.0182467,-10.505757,3.4380736,3
-4.4723687,-12.899959,6.2823853,3
-3.1028855,-8.887277,3.217807,3
-2.920926,-6.9144545,1.3982137,3
-4.4915223,-9.988609,5.717354,3
-4.9895163,-8.714894,4.213795,3
-6.789956,-8.8777,3.2944214,3
-2.719813,-7.2113357,4.4436383,3
-5.9567738,-7.489063,4.175488,3
1.7525556,1.292869,2.3175871,3
-1.0055647,-0.05746084,0.009576807,3
-4.0797195,-8.829816,6.2728086,3
-4.7309427,-5.305551,3.8786068,3
-6.301539,-9.931149,3.4093432,3
-3.667917,-4.55856,2.4229321,3
-4.0222588,-15.064317,5.21936,3
-3.3614593,-11.291056,4.4436383,3
-3.8115692,-10.716447,4.5872903,3
-5.4204726,-7.469909,-0.10534488,3
-5.161899,-10.01734,4.7884035,3
-1.8674773,-6.981492,2.6144683,3
-7.5561004,-13.742718,1.5131354,3
-6.694188,-8.37013,2.3558946,3
-4.4340615,-4.9320555,4.357447,3
-8.00621,-7.699753,5.046977,3
-0.60333884,0.842759,1.7046716,3
0.7374141,-2.96881,2.0015526,3
-6.0142345,-5.21936,3.323152,3
-9.011775,-7.872135,5.707777,3
-4.807557,-12.823344,5.985504,3
-3.5051112,-3.9073372,0.9768343,3
-7.1826053,-17.592594,5.497087,3
-4.003105,-8.303091,4.7022123,3
-2.384625,-9.136273,3.4476504,3
-3.217807,-10.007763,2.6623523,3
-4.9224787,-9.021352,3.5434184,3
-4.0892963,-8.303091,4.223372,3
-3.667917,-8.197746,4.5202527,3
-6.646304,-9.787497,5.6215854,3
-5.8226986,-8.973468,4.271256,3
0.9768343,-1.5610195,1.9536686,3
-1.5131354,1.5610195,-0.61291564,3
-2.585738,-3.86903,4.510676,3
-1.7812861,-8.456321,3.074155,3
-3.4476504,-11.319786,3.9552212,3
-2.777274,0.90979666,0.4213795,3
-4.7309427,-17.822437,2.7964275,3
-4.8267107,-12.162544,6.3781533,3
-2.3558946,-8.350976,2.6719291,3
-6.7133417,-8.063671,2.6719291,3
-3.6104562,-8.848969,6.5601125,3
-4.4436383,-6.3685765,1.4939818,3
-8.532935,-18.397045,-0.7278373,3
-0.8619126,-4.31914,4.76925,3
-5.439626,-9.088389,5.0374002,3
-4.367024,-7.0581064,4.012682,3
-3.1603463,-2.72939,1.13964,3
-2.0685902,-0.2681506,0.7374141,3
-1.5897499,-2.6240451,1.8483237,3
-6.2249246,-9.902418,7.1730285,3
-4.7022123,-5.7269306,2.1739352,3
-1.9057846,-2.2888567,1.6472107,3
-2.930503,-15.246277,5.315128,3
-3.514688,-13.273455,4.2042184,3
-5.6982,-1.2449849,3.4955344,3
-3.1411927,-7.6710224,1.8387469,3
-2.2409728,-9.835381,4.817134,3
-7.28795,-12.899959,2.9879637,3
-4.309563,-5.554548,3.3039982,3
-4.414908,-11.128249,4.2042184,3
-5.899313,-13.273455,6.5218053,3
-3.217807,-2.4708161,1.9632454,3
2.8634653,0.15322891,0.16280572,3
-4.146757,-0.7757214,6.7803793,3
-3.4380736,-3.9073372,3.5338416,3
-5.2768207,-6.9048777,2.2984335,3
-2.7006595,-5.6790466,2.5474305,3
-5.6982,-14.384364,2.8634653,3
0.17238252,-12.306197,9.097966,3
-8.37013,-0.047884032,7.422025,3
-5.363012,-10.5919485,-0.59376204,3
0.08619126,-4.31914,6.579266,3
-9.308656,-14.470555,2.834735,3
-4.6160207,-5.755661,4.2521024,3
-7.144298,-8.034941,4.548983,3
-6.4164605,-11.147403,3.2465374,3
-5.353435,-2.432509,1.5227122,3
-0.39264908,0.21068975,0.25857377,3
-3.0358477,-1.7238252,4.6160207,3
-4.4340615,-8.734048,3.5817258,3
-2.96881,-4.414908,2.920926,3
-7.192182,-9.864111,3.2082303,3
-1.6184803,-8.389283,2.183512,3
-4.1276035,-7.1826053,3.620033,3
-8.293514,-17.535133,6.1387334,3
-4.76925,-4.951209,3.3135753,3
-2.9113493,-8.944737,3.0933087,3
-8.063671,-11.645397,4.9320555,3
-4.606444,-8.475474,3.0262709,3
-6.397307,-8.801085,5.305551,3
-6.895301,-6.9527617,3.6583402,3
-3.620033,-9.088389,9.337387,3
-4.414908,-5.93762,-1.0630256,3
6.14831,2.5761611,0.8619126,3
-16.127342,-15.246277,11.932701,3
-6.244078,-8.264784,1.388637,3
0.90021986,-5.00867,0.7182605,3
-8.1881695,-28.500578,-0.18195933,3
-15.332468,-6.9527617,-3.1316159,3
-3.620033,-10.994174,7.086837,3
-1.9153614,-14.231135,4.3478703,3
-4.4819455,-9.653421,2.2218192,3
-9.212888,-8.418014,0.8331822,3
-3.7924154,-7.326257,5.6120086,3
-5.9663506,-6.8665705,3.9360676,3
-6.5218053,-4.7788267,3.2848446,3
-5.391742,-1.9249382,-1.733402,3
-9.825804,-7.1347213,5.985504,3
-0.18195933,0.11492168,-0.32561144,3
-3.8019924,-4.9320555,2.96881,3
-9.097966,-12.919112,5.7269306,3
-4.2042184,-11.87524,-1.043872,3
-5.104438,-7.651869,-0.1436521,3
-2.1164744,-7.872135,11.789049,3
-2.6527755,-8.082825,6.991069,3
-4.7979803,-10.716447,4.673482,3
-7.967903,-6.2823853,-0.45968673,3
-6.3302693,-11.63582,4.223372,3
-4.4915223,-6.8282633,7.1059904,3
-5.535394,-8.0445175,4.003105,3
-11.434708,-5.506664,2.8538885,3
-4.261679,0.6607997,0.38307226,3
-6.0046577,-4.2521024,5.1235914,3
-1.5610195,-0.94810385,2.9400797,3
-2.3558946,-3.466804,2.566584,3
-6.579266,-6.3302693,5.841852,3
-5.2289367,-8.197746,-1.8866309,3
-10.505757,-12.842498,4.7979803,3
-4.7979803,-9.232041,3.8307228,3
-6.167464,-9.279925,6.205771,3
-7.029376,-9.557653,3.3327289,3
-5.3342814,-8.121132,1.0247183,3
-8.532935,-12.785037,5.602432,3
-4.759673,-6.8665705,4.1276035,3
-8.8777,-4.6255975,0.29688102,3
-11.061212,-5.755661,-0.61291564,3
-2.7868507,-3.3423057,1.733402,3
-0.7757214,-0.8810662,2.528277,3
-4.9224787,-7.8146744,4.4915223,3
-5.056554,-9.289502,2.8538885,3
-7.9870567,-10.907983,3.2465374,3
-9.710882,-11.013328,5.554548,3
-6.6367273,-9.749189,5.363012,3
-7.07726,-8.418014,2.873042,3
-5.899313,-10.572795,-0.10534488,3
-7.1251445,-10.25676,6.703765,3
-3.4955344,-6.1770406,5.257667,3
-7.5465236,-8.197746,2.4420857,3
2.528277,-0.2873042,2.087744,3
-0.8331822,0.91937345,-0.33518824,3
-6.0238113,-4.644751,3.1603463,3
-1.8579005,-2.8538885,2.2984335,3
-6.3206925,-9.653421,4.510676,3
-7.1347213,-13.589489,2.930503,3
-9.289502,-5.5162406,4.31914,3
-5.6790466,-8.935161,5.449203,3
-6.167464,-9.844957,5.90889,3
-4.2521024,-7.374141,2.5761611,3
-6.6654577,-9.509769,4.8458643,3
-6.8091097,-8.063671,5.2863975,3
-8.791509,-9.078813,6.5984197,3
-3.514688,-2.96881,-0.5267244,3
-2.5474305,-0.49799395,2.2026656,3
-4.5872903,-6.9623384,5.899313,3
-2.0973208,-1.3024458,-0.1340753,3
-6.157887,-11.291056,2.8060043,3
-8.00621,-11.990162,4.223372,3
-9.691729,-10.850522,5.592855,3
-4.232949,-6.6079965,5.0661306,3
-5.90889,-9.710882,4.462792,3
-5.861006,-9.212888,3.217807,3
-6.2728086,-7.0964136,5.046977,3
-7.393295,-10.477027,3.1794999,3
-6.1387334,-6.215348,3.6583402,3
-4.213795,-5.085284,2.3750482,3
-0.9959879,0.90979666,0.40222588,3
-3.3039982,-4.663905,2.2026656,3
-3.7062242,-2.6240451,2.7581203,3
-6.8186865,-9.069236,2.9113493,3
-3.821146,-9.442732,2.3942018,3
-9.720459,-13.081918,4.3766007,3
-7.4507556,-12.401965,4.4244847,3
-5.439626,-9.864111,5.056554,3
-6.196194,-9.615114,2.834735,3
-3.7828386,-7.536947,2.5474305,3
-9.394848,-10.400413,4.003105,3
-6.3685765,-8.283937,3.016694,3
-6.4068837,-3.1794999,2.2026656,3
-2.96881,-3.5625722,-0.6991069,3
-0.48841715,-1.2354081,3.466804,3
-3.715801,-4.060566,2.1452048,3
-1.8962077,-3.4763808,3.6487634,3
-9.212888,-14.566323,4.9895163,3
-7.019799,-7.4028716,2.6623523,3
-10.036493,-7.7189064,3.1411927,3
-7.0006456,-9.959879,4.0318356,3
-5.861006,-7.872135,1.8866309,3
-5.3247046,-10.812215,2.0590134,3
-7.201759,-8.264784,4.8745947,3
-5.8226986,-9.251195,3.5529952,3
-9.442732,-7.872135,2.4899697,3
-3.514688,-3.6966474,1.091756,3
0.4213795,-2.72939,0.2873042,3
-2.6910827,-2.6527755,2.9879637,3
-2.5570073,-4.232949,2.96881,3
-4.9703627,-7.3549876,2.873042,3
-5.6790466,-10.266336,3.3518825,3
-6.6367273,-13.43626,3.6774938,3
-8.475474,-8.015787,5.583278,3
-5.9280434,-10.1226845,5.2002063,3
-6.751649,-8.149862,1.436521,3
-5.6120086,-9.3661175,4.0701427,3
-6.9144545,-8.935161,5.0278234,3
-7.517793,-7.929596,3.1986535,3
-5.0278234,-5.410896,2.834735,3
-4.5872903,-2.5474305,4.0797195,3
-0.22984336,-1.6280571,0.50757074,3
-3.3039982,-3.9264908,3.371036,3
-6.14831,-5.0757074,2.4229321,3
-4.261679,-6.7133417,3.763685,3
-7.929596,-13.656527,2.7581203,3
-7.651869,-8.963891,1.3503298,3
-8.389283,-10.275913,4.9224787,3
-6.5122285,-8.992621,5.4204726,3
-5.046977,-7.6231384,2.9400797,3
-7.6135616,-10.67814,2.767697,3
-7.0485296,-8.2169,3.572149,3
-4.606444,-5.1523223,4.1371803,3
-9.519346,-8.025364,4.4340615,3
-5.5258174,-3.8402996,1.7717092,3
4.7309427,5.449203,-1.0342951,3
-0.5650316,-6.4068837,2.5378537,3
-3.3901896,-6.9144545,3.715801,3
-9.634268,-10.0269165,4.0414124,3
-2.633622,-4.8937483,-0.019153614,3
-8.293514,-8.475474,3.1890767,3
-13.120225,-19.460072,2.633622,3
-6.4068837,-6.991069,3.4859576,3
-5.3821654,-5.9280434,1.8866309,3
-5.161899,-8.532935,1.6567876,3
-8.293514,-10.323798,5.5258174,3
-7.2687964,-9.56723,2.2984335,3
-7.469909,-7.07726,4.309563,3
-4.644751,-5.21936,2.7006595,3
4.4340615,0.7086837,1.9632454,3
-5.7269306,-7.1826053,5.0374002,3
-1.3024458,1.4077905,2.633622,3
-4.663905,-5.142745,2.1452048,3
-6.8761473,-13.206416,4.4819455,3
-6.885724,-8.456321,2.6144683,3
-8.868123,-7.795521,2.3175871,3
-8.1402855,-8.552089,4.357447,3
-4.453215,-8.312668,3.466804,3
-6.4068837,-8.513782,1.6567876,3
-10.036493,-9.509769,2.6910827,3
-5.2863975,-8.916007,3.620033,3
-6.6079965,-6.8761473,4.367024,3
-5.9280434,-5.4779334,2.4133554,3
-7.9104424,-4.1946416,2.920926,3
0.047884032,-1.5801731,1.7525556,3
-8.159439,-3.217807,4.175488,3
-3.86903,-3.074155,1.5227122,3
-6.291962,-4.903325,3.1603463,3
-6.751649,-9.911995,3.821146,3
-6.4547677,-10.898406,3.8115692,3
-6.4068837,-10.1226845,3.3327289,3
-9.519346,-9.097966,4.3287168,3
-6.991069,-11.63582,4.9224787,3
-5.2480903,-5.707777,0.63206923,3
-7.967903,-8.7532015,0.40222588,3
-6.1866174,-8.7532015,3.8786068,3
-5.410896,-8.523358,3.8786068,3
-7.4028716,-7.8529816,2.5187001,3
-8.111555,-4.462792,1.8291701,3
-2.719813,-1.1779473,0.8714894,3
-2.8538885,-1.6759412,3.6391866,3
-3.3039982,-4.6255975,2.834735,3
-3.9743748,-5.209783,3.86903,3
-7.881712,-10.084377,4.2999864,3
-7.4603324,-11.013328,2.767697,3
-7.4507556,-7.374141,2.6527755,3
-4.9416323,-11.520899,4.9416323,3
-8.494628,-6.5696893,5.056554,3
-4.55856,-8.868123,4.6830587,3
-6.0142345,-8.571242,3.122039,3
-5.0661306,-8.6574335,0.47884035,3
-4.0222588,-0.7757214,4.865018,3
-7.0964136,-8.590396,6.4643445,3
-7.0485296,-6.4739213,4.5394063,3
1.436521,0.92895025,1.0342951,3
-5.2959743,-3.7062242,1.3790601,3
-0.41180268,-3.122039,2.2888567,3
-3.6583402,-3.5625722,2.585738,3
-6.493075,-4.7500963,8.532935,3
-5.7269306,-12.26789,0.10534488,3
-5.257667,-6.5696893,4.261679,3
-4.510676,-8.66701,6.5218053,3
-7.441179,-18.23424,3.8498764,3
-6.397307,-10.553641,1.8100165,3
-1.5227122,-2.834735,1.733402,3
-3.5434184,-3.3997664,2.0111294,3
-6.3685765,-10.97502,4.9320555,3
-10.04607,-12.028469,5.104438,3
-9.921572,-4.721366,2.4899697,3
-0.019153614,0.35434186,-0.05746084,3
-0.78529817,-4.453215,4.6160207,3
-4.721366,-8.90643,5.305551,3
1.0821792,-4.3287168,1.4173675,3
-3.6296098,0.20111294,0.11492168,3
-13.369223,-18.904617,6.9144545,3
-17.00841,-6.4643445,14.432248,3
-9.548077,-4.0892963,0.45968673,3
-4.2425256,-7.0485296,0.038307227,3
-6.991069,-8.418014,6.6271505,3
-10.007763,-10.505757,1.0055647,3
-5.93762,-4.721366,2.72939,3
-10.160992,-9.816227,4.501099,3
-5.085284,-7.345411,1.7238252,3
-6.2632318,-0.51714754,1.1300632,3
-7.967903,-6.7324953,3.8019924,3
-3.514688,-5.544971,3.9360676,3
3.4859576,0.076614454,0.8523358,3
-11.128249,-7.8625584,5.0661306,3
-4.7979803,-14.049175,4.1946416,3
-4.223372,-2.9496565,1.8483237,3
-7.2113357,-15.629349,4.3478703,3
-10.065224,-10.113108,0.9576807,3
-7.4986396,-7.9008656,4.050989,3
-7.7189064,-12.334928,4.5394063,3
-6.7803793,-9.615114,0.41180268,3
-7.144298,-5.755661,4.050989,3
-6.3589997,-9.5385,4.501099,3
-9.394848,-8.858546,4.9224787,3
1.5897499,-2.3750482,0.40222588,3
-5.5162406,-1.3120226,1.733402,3
-5.6982,-10.697293,5.6120086,3
1.982399,-10.793061,-0.6703765,3
1.9057846,-2.327164,-0.39264908,3
-9.059659,-20.992361,7.929596,3
-4.060566,-31.143776,4.55856,3
-10.70687,-1.6089035,1.1971009,3
-3.1794999,-6.4164605,2.1547816,3
-4.721366,-8.523358,4.7309427,3
-3.763685,-8.0445175,1.2162545,3
-11.492168,-9.500193,3.5338416,3
-5.267244,-9.873688,2.0015526,3
-6.895301,-9.14585,4.0222588,3
-7.2113357,-4.3957543,0.80445176,3
-5.401319,0.16280572,-4.2999864,3
-6.943185,-4.9895163,2.7006595,3
-1.4173675,-2.0590134,2.8060043,3
-3.4763808,-4.156334,3.667917,3
-6.2728086,-3.9839516,-0.46926352,3
-7.3645644,-5.0757074,3.3614593,3
-6.1770406,-7.8050976,0.59376204,3
-6.531382,-8.197746,1.1971009,3
-5.8801594,-8.63828,-0.8714894,3
-6.167464,-12.018892,3.6104562,3
-9.126697,-12.679692,3.3901896,3
-5.583278,-3.8977604,-2.1068976,3
-7.881712,-7.536947,0.78529817,3
-8.331821,-8.791509,7.5465236,3
-4.548983,-7.3549876,1.9536686,3
-7.335834,-4.146757,-1.0342951,3
3.821146,-0.6991069,4.7405195,3
-2.2409728,-4.5298295,2.8060043,3
-7.8146744,-1.9249382,5.3821654,3
-5.947197,-5.554548,2.1547816,3
-5.21936,-7.843405,1.2449849,3
-3.8019924,-4.9416323,2.3558946,3
-6.9527617,-22.409727,3.8307228,3
-7.6710224,-12.440272,2.6527755,3
-7.1251445,-6.090849,2.6144683,3
-5.66947,-9.739613,3.1316159,3
-5.410896,-6.2632318,0.2873042,3
-9.730036,-8.916007,1.0726024,3
-5.046977,-9.299079,3.9839516,3
-6.397307,-7.4986396,3.86903,3
-7.881712,-5.5737014,2.384625,3
0.7182605,0.22026655,2.8538885,3
-7.1347213,-5.947197,-1.5610195,3
-5.7748146,-6.196194,4.0892963,3
1.8387469,1.733402,-0.12449849,3
-9.892841,-0.047884032,6.6846113,3
-7.517793,-12.765883,1.9440918,3
-8.283937,-7.795521,2.0015526,3
-8.686164,-9.969456,0.31603462,3
-5.813122,-8.743625,2.0590134,3
-6.253655,-11.003751,4.711789,3
-5.7748146,-8.66701,0.58418524,3
-6.6271505,-9.059659,2.5474305,3
-5.2863975,-7.680599,2.0207062,3
-5.90889,-7.4507556,2.8921957,3
-9.969456,-8.686164,3.4093432,3
-8.24563,-5.717354,2.7102363,3
-0.31603462,-2.9113493,0.58418524,3
-1.7046716,-1.8100165,2.2026656,3
-5.899313,-4.5202527,3.7541082,3
-5.755661,-4.9703627,3.3518825,3
-8.341399,-8.973468,2.719813,3
-5.535394,-7.393295,0.6895301,3
-6.5505357,-10.448297,1.4077905,3
-8.552089,-15.50485,3.4572272,3
-8.887277,-3.8402996,4.4723687,3
-5.171476,-8.695741,2.767697,3
-5.171476,-9.203311,1.5705963,3
-8.322245,-11.032481,3.7349546,3
-4.6926355,-6.339846,3.7541082,3
-6.244078,-7.603985,4.31914,3
-6.3206925,-5.2289367,0.4213795,3
-1.8579005,-5.2863975,-0.32561144,3
-3.572149,-2.2888567,1.4748282,3
-3.1986535,-3.064578,3.1794999,3
-7.240066,-4.8745947,3.8498764,3
-4.9895163,-10.247183,1.532289,3
-9.576807,-9.097966,1.1109096,3
-9.825804,-5.3725886,0.5650316,3
-6.3685765,-11.310209,3.0933087,3
-7.1059904,-8.676587,3.5529952,3
-6.38773,-10.783484,-0.6991069,3
-6.5218053,-7.0581064,4.414908,3
-6.4547677,-5.592855,3.7253778,3
-8.628703,-13.177686,2.1164744,3
-8.389283,-5.2959743,2.2218192,3
-0.29688102,-1.532289,-0.32561144,3
-2.087744,-1.6089035,0.59376204,3
-6.493075,-0.61291564,4.663905,3
-7.9870567,-4.7979803,3.7253778,3
-3.1028855,-6.703765,1.1204864,3
-7.469909,-10.055647,2.4612393,3
-7.28795,-17.257406,1.0821792,3
-7.920019,-7.833828,2.2888567,3
-9.184157,-3.9264908,1.0630256,3
-7.067683,-7.872135,1.5514427,3
-5.2289367,-12.038046,0.2873042,3
-9.059659,-9.988609,2.2984335,3
-5.2480903,-7.489063,3.122039,3
-8.255207,-7.469909,3.3327289,3
-7.0485296,-6.6175733,-0.06703765,3
-0.8714894,-3.217807,-0.33518824,3
-1.043872,-0.19153613,3.0550013,3
-1.3215994,-2.135628,2.2122424,3
-6.1100025,-5.7365074,3.2273839,3
-14.374787,-17.937359,4.654328,3
-3.0933087,-0.40222588,1.13964,3
-8.0445175,-7.5082164,2.767697,3
-11.042058,-20.245369,8.389283,3
-8.159439,-8.121132,2.815581,3
-2.585738,-5.6215854,-1.3311762,3
-9.136273,-7.9104424,4.1276035,3
-6.0525417,-8.121132,1.9249382,3
-7.0102224,-8.24563,3.5529952,3
-8.714894,-6.301539,1.7429788,3
-8.446744,-3.86903,0.641646,3
-1.9632454,-1.8195933,-3.3327289,3
-3.2561142,-5.659893,3.572149,3
-4.1659107,-2.9592333,2.9113493,3
-4.4244847,-5.1140146,2.4037786,3
-7.9870567,-8.00621,3.2273839,3
-7.5561004,-13.110648,3.7445314,3
-9.500193,-7.0102224,1.3599066,3
-8.322245,-5.45878,3.41892,3
-5.2002063,-7.8912888,3.466804,3
-6.4260373,-9.739613,2.815581,3
-9.423578,-7.6710224,-0.92895025,3
-7.4507556,-9.643845,3.2752678,3
-6.8665705,-6.6079965,5.0661306,3
-7.201759,-6.885724,2.1739352,3
-6.646304,-3.1794999,1.1971009,3
1.2066777,-2.2122424,0.641646,3
-6.9623384,-4.357447,4.55856,3
-1.3120226,-1.3790601,0.7374141,3
-3.7828386,-7.795521,2.0494366,3
-4.8841715,-9.586384,1.9057846,3
-5.66947,-12.555194,4.271256,3
-9.069236,-5.00867,4.5777135,3
-7.7093296,-5.7365074,3.466804,3
-3.5529952,-10.342952,2.0398598,3
-8.523358,-7.929596,0.18195933,3
-13.752295,-13.752295,4.6830587,3
-1.0821792,-4.6351743,3.8307228,3
-7.6710224,-6.0716953,4.0222588,3
-6.6175733,-7.7667904,2.4995465,3
-2.1452048,-0.34476504,-0.82360536,3
-3.2944214,-3.8881836,3.016694,3
-3.667917,-4.855441,3.1411927,3
-4.596867,-3.371036,2.6527755,3
-7.326257,-10.553641,4.7979803,3
-9.414001,-11.597513,3.0262709,3
-9.691729,-3.4380736,2.7485435,3
-5.93762,-10.113108,5.056554,3
-7.441179,-10.180145,7.1634517,3
-7.249643,-8.90643,0.22984336,3
-6.933608,-6.895301,0.2873042,3
-7.920019,-8.121132,4.2904096,3
-7.824251,-9.021352,4.175488,3
-11.022904,-4.1180267,-1.9057846,3
-9.356541,-3.9073372,0.7374141,3
-6.6846113,-7.833828,2.3080103,3
0.7182605,3.8786068,1.6472107,3
-4.2042184,-5.535394,2.6144683,3
-6.9144545,-5.755661,4.10845,3
-13.752295,-19.977219,4.5394063,3
-3.1603463,-3.3423057,3.5434184,3
-10.342952,-7.8625584,3.4476504,3
-8.130709,-12.248735,4.1180267,3
-8.465898,-7.603985,-0.46926352,3
-9.078813,-8.772355,1.7142484,3
-7.5082164,-6.588843,3.6008794,3
-4.1180267,-4.280833,4.098873,3
-9.940725,-6.3302693,2.9879637,3
-6.2249246,-9.222465,5.2480903,3
1.5801731,-0.5746084,1.4269443,3
-4.951209,-3.620033,2.4612393,3
-5.554548,-2.5953147,1.8579005,3
-6.933608,-8.925584,3.371036,3
-5.9759274,-8.465898,2.1260512,3
-9.643845,-11.693281,0.80445176,3
-8.791509,-8.264784,2.4516625,3
-6.646304,-8.973468,4.855441,3
-6.8569937,-9.56723,4.060566,3
-3.8307228,-8.197746,0.641646,3
-13.110648,-7.843405,2.2984335,3
-5.353435,-6.349423,4.146757,3
-5.813122,-6.2823853,1.9057846,3
-0.37349546,-2.1930888,4.414908,3
-5.439626,-2.1739352,2.2601264,3
-0.38307226,-0.17238252,1.7046716,3
-1.733402,-4.7405195,1.292869,3
-5.851429,-3.9073372,3.0071173,3
-15.332468,-22.18946,5.0278234,3
0.38307226,-5.1810527,4.1276035,3
-10.668563,-4.865018,1.934515,3
-11.042058,-18.339584,4.271256,3
-9.126697,-7.565677,2.681506,3
-5.4779334,-8.025364,-1.2737153,3
-8.676587,-6.694188,4.098873,3
-5.793968,-6.933608,5.8705826,3
-8.935161,-6.0621185,2.930503,3
0.50757074,-5.2002063,1.8291701,3
-0.49799395,0.5746084,0.90979666,3
-4.1659107,-1.7238252,2.5570073,3
-4.759673,-4.8267107,3.6870706,3
-7.632715,-6.3685765,1.4269443,3
-6.847417,-12.152967,1.7812861,3
-9.500193,-8.523358,3.0071173,3
-7.680599,-9.873688,5.1140146,3
-7.335834,-11.654974,6.742072,3
-7.632715,-7.52737,0.41180268,3
-6.7133417,-5.5258174,-0.90021986,3
-9.710882,-9.481039,4.644751,3
-4.8267107,-8.360553,4.951209,3
-8.236053,-7.824251,2.3654714,3
-0.08619126,-0.9672575,1.1300632,3
-5.00867,-1.8291701,1.9536686,3
-2.6527755,-3.5338416,2.9592333,3
-4.960786,-5.535394,1.292869,3
-8.494628,-7.872135,2.9113493,3
-6.301539,-8.025364,1.9919758,3
-11.683704,-9.203311,4.596867,3
-7.920019,-10.611102,3.2944214,3
-7.3166804,-9.80665,4.7979803,3
-6.694188,-6.540959,-0.41180268,3
-5.765238,-6.588843,4.2042184,3
-7.6135616,-9.232041,4.7405195,3
-6.090849,-7.1826053,4.721366,3
-6.7612257,-5.1906295,1.7621324,3
4.7309427,-0.8810662,1.9440918,3
-6.090849,-1.9153614,1.532289,3
-2.96881,0.038307227,3.6008794,3
-8.628703,-6.1100025,4.7405195,3
-4.817134,-5.315128,0.31603462,3
-9.758766,-13.589489,2.7102363,3
-7.565677,-7.038953,2.4420857,3
-8.063671,-9.605537,4.453215,3
-8.015787,-9.011775,3.323152,3
-6.483498,-7.1730285,1.7908629,3
-11.032481,-8.350976,3.217807,3
-5.851429,-6.5218053,2.3654714,3
-7.8529816,-5.2002063,4.721366,3
0.78529817,-3.6870706,3.4476504,3
-2.183512,0.33518824,-0.7182605,3
-6.694188,-5.985504,5.7269306,3
-3.2082303,2.030283,3.122039,3
-5.889736,-6.540959,0.25857377,3
-4.510676,-9.030929,1.8387469,3
-13.148955,-11.789049,2.1739352,3
-10.314221,-9.998186,0.6703765,3
-8.063671,-10.362105,6.8569937,3
-9.193734,-6.3589997,5.161899,3
-6.0525417,-8.101978,-0.36391866,3
-13.062764,-11.252748,3.3039982,3
-5.315128,-6.7708025,3.5242648,3
-5.602432,-3.8307228,3.3997664,3
-7.97748,-4.3766007,1.6089035,3
3.4859576,-0.80445176,-2.6431987,3
-4.050989,-4.0797195,5.1235914,3
-6.339846,-5.1235914,3.083732,3
-7.5465236,-8.149862,1.8195933,3
-8.532935,-16.596605,1.436521,3
-9.576807,-4.8362875,0.16280572,3
-6.531382,-8.446744,6.6175733,3
-8.494628,-11.147403,6.4739213,3
-6.7708025,-5.257667,-2.7389667,3
-6.799533,-11.118672,-0.35434186,3
-8.983045,-4.4340615,8.724471,3
-5.171476,-6.540959,4.3766007,3
-7.067683,-5.5737014,-1.3503298,3
1.3694834,1.8483237,-1.3311762,3
-10.907983,-1.6184803,4.1659107,3
-0.90979666,-0.15322891,-0.076614454,3
-9.002198,-7.517793,4.3287168,3
-6.9144545,-10.381259,3.3901896,3
-8.42759,-7.603985,1.0151415,3
-13.148955,-10.237606,0.78529817,3
-5.1235914,-7.785944,3.5625722,3
-7.97748,-6.7803793,2.7868507,3
-8.312668,-8.858546,0.9576807,3
-8.599973,-9.797073,3.0933087,3
-9.548077,-9.136273,4.903325,3
-8.8777,-4.098873,1.2162545,3
1.8004397,2.6431987,-1.6280571,3
-17.132908,1.1587936,4.367024,3
-2.9783869,-1.733402,0.94810385,3
-1.3599066,-1.541866,1.3311762,3
-10.802638,-10.477027,4.855441,3
-8.236053,-13.263878,3.083732,3
-11.147403,-7.699753,1.1300632,3
-8.781932,-6.253655,2.9975405,3
-6.167464,-7.7189064,4.414908,3
-8.025364,-7.575254,0.8331822,3
-10.362105,-11.281479,1.5514427,3
-6.588843,-5.133168,3.4955344,3
-8.743625,-6.895301,2.5378537,3
-1.6759412,-2.2409728,2.96881,3
1.4939818,0.019153614,-0.8714894,3
-3.4763808,-3.6008794,1.685518,3
-2.8060043,-4.0222588,1.4077905,3
-8.963891,-7.5848308,2.7581203,3
-8.465898,-12.6222315,1.3311762,3
-9.3661175,-7.920019,2.2505496,3
-8.303091,-8.542512,3.41892,3
-7.383718,-8.561666,5.439626,3
-8.552089,-8.619126,1.6376339,3
-6.081272,-8.6095495,1.0726024,3
-10.477027,-7.872135,2.9975405,3
-6.8569937,-6.4547677,3.2082303,3
-4.9799395,-3.5913026,-0.21068975,3
-1.6472107,-2.9592333,0.1436521,3
-2.0398598,-0.40222588,1.5131354,3
-5.2959743,-6.0716953,3.514688,3
-2.920926,-3.1794999,2.3558946,3
-11.224017,-15.160085,3.217807,3
-8.6095495,-8.820239,2.8060043,3
-8.37013,-6.8091097,2.528277,3
-8.169016,-7.7189064,4.1180267,3
-8.37013,-9.634268,2.72939,3
-6.991069,-7.565677,1.9153614,3
-9.77792,-7.881712,2.6910827,3
-7.144298,-6.2728086,3.2082303,3
-9.279925,-6.9240313,2.384625,3
-5.803545,-3.821146,0.6991069,3
-1.4077905,-0.5746084,0.009576807,3
-5.257667,-4.9224787,3.1124623,3
-2.7581203,-2.2218192,0.59376204,3
-8.159439,-10.764331,3.2752678,3
-6.7803793,-9.643845,1.436521,3
-11.358093,-9.337387,2.336741,3
-8.121132,-7.6710224,2.4995465,3
-7.2304893,-10.601525,3.964798,3
-7.3645644,-6.991069,0.7182605,3
-7.565677,-7.086837,2.231396,3
-8.236053,-7.52737,3.8881836,3
-7.479486,-7.7667904,3.7541082,3
-4.175488,-4.4723687,0.7374141,3
-1.733402,-2.2601264,0.16280572,3
-2.0015526,-3.41892,2.0590134,3
-2.7485435,-2.96881,1.8291701,3
-6.2632318,-4.8362875,2.0685902,3
-8.590396,-11.415554,3.2848446,3
-8.8777,-7.9008656,2.1547816,3
-11.042058,-10.477027,2.183512,3
-8.465898,-7.431602,4.0414124,3
-8.408437,-8.647857,1.8962077,3
-6.8761473,-9.797073,2.2505496,3
-9.088389,-6.5218053,3.3614593,3
-8.236053,-7.3071036,2.1547816,3
-9.241618,-7.651869,2.7485435,3
-3.4572272,-2.7964275,0.16280572,3
-1.4077905,-0.35434186,-0.38307226,3
-5.7269306,-2.231396,3.074155,3
-5.506664,-5.554548,2.0015526,3
-5.9759274,-7.517793,2.135628,3
-8.207323,-9.299079,1.7046716,3
-12.995727,-10.275913,3.2273839,3
-9.212888,-6.8569937,3.6870706,3
-8.7053175,-6.1866174,2.767697,3
-3.5434184,-7.651869,1.4556746,3
-8.475474,-9.816227,4.4244847,3
-7.5082164,-8.820239,2.9592333,3
-9.873688,-6.157887,2.4133554,3
-4.3382936,-2.528277,-1.0247183,3
-3.6391866,-2.5570073,-0.2681506,3
-2.5570073,-2.0015526,1.1875241,3
-4.0892963,-3.1603463,3.3423057,3
-5.995081,-7.2304893,2.0207062,3
-8.724471,-9.461885,2.873042,3
-10.160992,-9.222465,1.6950948,3
-9.864111,-10.67814,2.1739352,3
-8.37013,-6.1387334,3.122039,3
-7.431602,-9.442732,3.016694,3
-7.326257,-8.647857,2.2218192,3
-9.56723,-8.303091,1.2545617,3
-6.7708025,-6.6846113,3.083732,3
-8.542512,-6.6654577,3.3518825,3
-4.721366,-3.3806129,1.436521,3
-0.11492168,-1.484405,1.5610195,3
-2.9400797,-1.6472107,1.7046716,3
-4.8841715,-4.654328,2.6431987,3
-6.4164605,-7.680599,2.2505496,3
-8.954314,-10.850522,2.1547816,3
-8.781932,-7.0006456,2.6623523,3
-10.43872,-10.726024,2.5953147,3
-8.494628,-7.967903,4.0414124,3
-5.506664,-7.374141,2.2697031,3
-6.244078,-8.456321,2.566584,3
-10.984597,-7.1730285,1.2354081,3
-8.446744,-6.5696893,2.7964275,3
-7.536947,-7.374141,3.5817258,3
-4.8458643,-5.8705826,0.48841715,3
-1.7621324,0.02873042,-0.16280572,3
-3.7349546,-0.90979666,2.2026656,3
-6.5122285,-5.439626,3.6966474,3
-5.9759274,-6.244078,2.384625,3
-8.0445175,-8.101978,1.934515,3
-9.289502,-8.24563,2.087744,3
-10.505757,-9.864111,3.6583402,3
-7.4986396,-6.991069,3.1890767,3
-6.4164605,-8.542512,2.2122424,3
-8.034941,-7.785944,2.0398598,3
-10.266336,-8.418014,2.5953147,3
-6.991069,-6.5601125,3.6008794,3
-8.810662,-6.4068837,3.265691,3
-6.4547677,-4.0318356,1.6759412,3
1.1109096,-0.9959879,1.4939818,3
-1.3311762,-1.4460979,1.3599066,3
-5.93762,-6.3685765,4.0318356,3
-4.8362875,-4.510676,1.9057846,3
-8.571242,-10.630256,1.5035586,3
-8.734048,-7.4603324,1.2258313,3
-12.899959,-9.643845,2.2697031,3
-7.1826053,-7.201759,2.3750482,3
-8.2169,-8.24563,2.7389667,3
-6.3206925,-8.082825,3.4859576,3
-9.471462,-6.742072,1.5897499,3
-7.4028716,-8.552089,2.4229321,3
-9.634268,-6.3206925,2.0398598,3
-6.8569937,-4.414908,1.13964,3
-1.0726024,0.29688102,0.31603462,3
-6.2249246,0.2681506,3.3327289,3
-6.6079965,-5.1810527,3.9073372,3
-3.0071173,-4.050989,1.0247183,3
-9.797073,-10.955867,2.3080103,3
-8.983045,-8.580819,2.6144683,3
-10.94629,-8.082825,4.0701427,3
-7.517793,-6.540959,3.572149,3
-5.602432,-8.437167,3.1507695,3
-7.872135,-9.107543,1.0342951,3
-9.11712,-7.2783732,2.5091233,3
-8.264784,-6.196194,3.0071173,3
-8.446744,-6.6750345,2.3750482,3
-6.885724,-4.654328,0.8523358,3
2.087744,0.40222588,0.038307227,3
-5.171476,-2.2026656,3.4572272,3
-3.2465374,-4.2042184,3.1890767,3
-6.9240313,-8.1402855,1.484405,3
-8.724471,-8.236053,1.7238252,3
-9.998186,-9.059659,3.5434184,3
-11.444284,-8.580819,3.8307228,3
-5.9280434,-6.8569937,3.2848446,3
-7.699753,-8.264784,0.58418524,3
-7.3071036,-9.32781,2.882619,3
-10.572795,-7.1059904,2.0685902,3
-7.632715,-7.8050976,2.719813,3
-7.52737,-6.5026517,2.0590134,3
-4.0797195,-2.8634653,0.11492168,3
-0.1340753,-0.9959879,1.0821792,3
-5.0661306,-2.9496565,3.7541082,3
-4.6830587,-4.8937483,1.043872,3
-6.981492,-6.703765,2.2409728,3
-9.720459,-11.329363,2.1930888,3
-10.5440645,-7.575254,2.4899697,3
-9.299079,-6.885724,3.2273839,3
-8.149862,-9.509769,5.085284,3
-5.0757074,-6.6846113,0.24899697,3
-6.4739213,-7.929596,2.4612393,3
-11.281479,-8.66701,2.633622,3
-6.933608,-5.0757074,3.074155,3
-8.504205,-5.717354,2.1643584,3
-3.5338416,-2.078167,-0.08619126,3
-1.8387469,-0.2777274,0.4309563,3
-6.033388,-4.012682,3.1411927,3
-4.146757,-3.3135753,2.585738,3
-8.791509,-9.14585,1.733402,3
-7.795521,-11.032481,1.436521,3
-11.63582,-9.021352,1.8962077,3
-9.3661175,-8.39886,2.6623523,3
-6.9048777,-7.9008656,3.4859576,3
-9.844957,-9.346964,1.6472107,3
-6.3302693,-7.5848308,3.0262709,3
-9.557653,-7.2209125,2.5378537,3
-8.121132,-5.7843914,3.1603463,3
-8.734048,-6.4643445,2.4229321,3
-1.685518,-3.2369606,-0.24899697,3
-0.49799395,-0.8810662,0.24899697,3
-7.07726,-5.4300494,3.323152,3
-4.2999864,-4.3957543,0.8331822,3
-7.1251445,-8.034941,1.9919758,3
-8.63828,-8.963891,1.1109096,3
-9.998186,-7.1730285,2.585738,3
-7.28795,-5.66947,1.6089035,3
-5.5737014,-9.864111,3.6774938,3
-6.7133417,-7.345411,1.0342951,3
-8.6574335,-9.816227,2.0207062,3
-8.197746,-8.073248,6.2728086,3
-7.297527,-5.995081,3.6870706,3
-6.3111157,-6.215348,2.9975405,3
-3.5529952,-1.9536686,0.2777274,3
-1.4748282,-0.6991069,1.3694834,3
-4.3287168,-3.1794999,2.0015526,3
-6.1004257,-7.5944076,2.336741,3
-6.895301,-5.3725886,2.6048915,3
-8.734048,-11.15698,2.9592333,3
-9.998186,-8.169016,2.767697,3
-9.375694,-5.899313,2.2601264,3
-6.1195793,-8.015787,3.5051112,3
-5.813122,-6.8091097,2.078167,3
-10.563218,-12.842498,0.58418524,3
-7.2783732,-5.267244,3.064578,3
-10.572795,-7.7667904,3.3135753,3
-6.991069,-6.6750345,2.767697,3
-2.6910827,-3.0358477,-1.1492168,3
-1.0534488,0,-0.21068975,3
-4.663905,-2.4037786,3.7349546,3
-6.5026517,-6.349423,2.2122424,3
-6.14831,-6.493075,1.5705963,3
-9.5385,-9.56723,1.9919758,3
-8.801085,-9.021352,3.5817258,3
-10.04607,-8.963891,3.620033,3
-6.291962,-8.015787,3.0454245,3
-6.5601125,-9.050082,2.4037786,3
-7.8912888,-9.021352,2.7485435,3
-10.601525,-7.2783732,4.5298295,3
-8.130709,-8.331821,2.4516625,3
-4.357447,-4.3766007,1.8004397,3
-4.0892963,-2.183512,0.92895025,3
0.16280572,-0.5650316,2.0685902,3
-4.5298295,-3.1316159,3.5051112,3
-6.0621185,-7.249643,1.0630256,3
-6.4643445,-7.441179,2.135628,3
-8.743625,-10.218452,2.4037786,3
-10.5440645,-12.172121,3.8977604,3
-7.565677,-7.0964136,3.323152,3
-6.6750345,-7.489063,2.7485435,3
-6.6654577,-9.030929,3.0071173,3
-8.437167,-8.599973,2.0494366,3
-9.730036,-7.7189064,2.384625,3
-8.24563,-7.422025,2.0398598,3
-4.9703627,-5.0661306,1.6663644,3
-3.5529952,-2.2697031,1.0342951,3
-0.8714894,-0.5746084,0.94810385,3
-5.353435,-4.1946416,2.6240451,3
-5.755661,-6.531382,1.532289,3
-8.8777,-7.7093296,2.3654714,3
-9.203311,-10.342952,2.2984335,3
-8.916007,-9.471462,3.4284968,3
-8.111555,-8.293514,3.5529952,3
-7.2592196,-8.561666,3.7732618,3
-6.081272,-9.3182335,2.4133554,3
-7.8146744,-7.431602,2.6240451,3
-8.868123,-7.2304893,2.566584,3
-9.730036,-7.345411,2.9592333,3
-6.081272,-5.48751,1.436521,3
-2.1930888,-2.2697031,0.20111294,3
-2.9113493,-1.4173675,0.78529817,3
-6.588843,-4.7309427,3.8786068,3
-5.0661306,-4.098873,1.1492168,3
-7.0102224,-7.1634517,2.2026656,3
-9.519346,-11.60709,1.9249382,3
-9.11712,-9.040505,3.3423057,3
-7.297527,-6.1100025,2.8538885,3
-7.441179,-9.32781,3.2752678,3
-5.947197,-8.734048,2.3175871,3
-6.789956,-7.517793,2.432509,3
-8.561666,-8.255207,3.6008794,3
-8.331821,-7.3071036,3.0933087,3
-7.469909,-5.841852,2.2409728,3
-3.4763808,-1.8674773,1.7621324,3
-0.32561144,-0.20111294,1.0055647,3
-5.4683566,-1.8483237,2.9975405,3
-6.0716953,-6.7708025,2.767697,3
-7.019799,-5.8705826,1.8195933,3
-8.178593,-9.490616,3.0262709,3
-8.743625,-11.224017,3.1507695,3
-10.0269165,-8.197746,4.175488,3
-7.9870567,-7.07726,4.10845,3
-5.267244,-7.728483,1.8291701,3
-8.379706,-10.266336,2.8060043,3
-8.063671,-5.851429,2.1547816,3
-9.155427,-6.493075,2.5187001,3
-9.174581,-7.3071036,3.2465374,3
-4.9895163,-4.175488,1.6950948,3
-2.4708161,-0.6607997,0.7661445,3
-1.8579005,-1.388637,1.5035586,3
-5.707777,-5.9663506,2.7868507,3
-6.531382,-5.133168,0.63206923,3
-8.42759,-9.11712,2.7102363,3
-8.513782,-9.356541,2.087744,3
-9.078813,-6.1387334,2.0207062,3
-8.801085,-9.749189,0.92895025,3
-7.5848308,-8.274361,0.34476504,3
-5.650316,-6.483498,2.4229321,3
-8.992621,-8.130709,2.7389667,3
-9.662998,-8.925584,2.27928,3
-8.552089,-7.0102224,0.10534488,3
-8.082825,-5.315128,1.6280571,3
-0.24899697,-2.2026656,-0.11492168,3
-4.414908,-2.231396,1.484405,3
-5.899313,-4.855441,1.6280571,3
-4.2425256,-3.7732618,0.79487497,3
-7.1155677,-7.699753,1.2449849,3
-9.864111,-11.87524,2.815581,3
-7.7189064,-7.6231384,2.7389667,3
-9.758766,-8.772355,1.9440918,3
-7.0485296,-7.824251,2.3750482,3
-7.4124484,-9.059659,1.8866309,3
-6.445191,-7.0006456,2.3558946,3
-9.222465,-7.086837,2.7964275,3
-9.232041,-8.552089,2.6144683,3
-7.9583263,-7.0006456,2.2026656,3
-4.8267107,-2.9879637,0.38307226,3
0.6607997,-1.1683705,1.436521,3
-5.1235914,-0.8331822,2.4516625,3
-5.506664,-5.085284,2.4612393,3
-4.6351743,-4.7979803,1.043872,3
-8.7532015,-9.481039,1.4460979,3
-9.9790325,-11.616667,2.6431987,3
-8.829816,-5.267244,2.5474305,3
-9.557653,-8.130709,1.7142484,3
-6.646304,-8.149862,4.261679,3
-6.7324953,-8.858546,0.91937345,3
-7.2304893,-7.603985,2.4133554,3
-10.141838,-7.536947,3.3039982,3
-8.312668,-9.519346,2.5187001,3
-7.5465236,-4.606444,1.8579005,3
-4.003105,-2.2601264,0.21068975,3
-2.72939,-0.36391866,1.4269443,3
-4.55856,-2.815581,1.9728222,3
-5.2480903,-4.644751,2.327164,3
-6.2345014,-6.981492,2.183512,3
-10.180145,-10.773908,2.2984335,3
-7.4124484,-7.881712,2.231396,3
-10.43872,-8.839393,1.6950948,3
-7.9104424,-10.04607,1.8674773,3
-5.899313,-5.8226986,1.6567876,3
-6.157887,-8.944737,1.1971009,3
-9.481039,-6.4739213,2.777274,3
-7.9008656,-8.437167,1.283292,3
-9.308656,-6.253655,2.2697031,3
-7.1059904,-5.602432,-0.21068975,3
-2.2026656,-1.1492168,0.25857377,3
-3.3518825,-1.340753,2.1164744,3
-6.8761473,-3.265691,3.964798,3
-5.497087,-4.003105,1.3694834,3
-7.833828,-9.241618,1.9919758,3
-8.264784,-7.843405,-0.038307227,3
-11.463438,-7.7572136,0.45010993,3
-9.548077,-10.323798,3.1603463,3
-7.1059904,-6.435614,2.3463178,3
-5.535394,-9.452309,1.3120226,3
-9.394848,-9.442732,2.3558946,3
-7.6614456,-7.0581064,1.541866,3
-8.916007,-6.291962,2.1643584,3
-8.513782,-6.2345014,2.1260512,3
-4.903325,-3.016694,-0.30645782,3
-1.8866309,-1.436521,0.545878,3
-4.7979803,-1.0821792,3.323152,3
-5.2385135,-4.9224787,2.633622,3
-6.7229185,-6.789956,1.9153614,3
-9.825804,-7.9870567,1.7908629,3
-9.184157,-7.479486,0.92895025,3
-8.810662,-10.036493,2.183512,3
-8.791509,-6.943185,3.7062242,3
-6.0142345,-9.5385,2.815581,3
-5.90889,-8.743625,2.0685902,3
-10.1226845,-9.615114,1.9249382,3
-7.2209125,-5.2385135,2.432509,3
-8.1402855,-6.0142345,2.336741,3
-9.911995,-5.861006,1.8004397,3
-4.012682,-2.1643584,0.36391866,3
-2.7868507,-1.6950948,0.8714894,3
-3.8498764,-3.6104562,2.2218192,3
-8.37013,-7.642292,2.2697031,3
-5.5162406,-3.8019924,2.6048915,3
-8.6574335,-10.927136,2.5953147,3
-7.297527,-10.898406,3.8498764,3
-9.14585,-6.0142345,2.8060043,3
-5.93762,-7.517793,2.6623523,3
-7.843405,-8.571242,1.0821792,3
-9.088389,-10.352529,1.532289,3
-7.1347213,-5.5641246,3.8881836,3
-9.509769,-8.983045,1.5897499,3
-8.647857,-6.703765,1.9153614,3
-5.90889,-3.6104562,1.5705963,3
-3.323152,0.58418524,1.5610195,3
-3.2465374,-1.3503298,2.4229321,3
-4.673482,-4.280833,2.0494366,3
-7.967903,-7.632715,1.982399,3
-7.326257,-8.494628,2.0015526,3
-8.686164,-10.630256,1.8483237,3
-9.385271,-10.333375,3.3614593,3
-8.303091,-6.3685765,2.96881,3
-7.1347213,-7.4028716,2.087744,3
-5.2480903,-7.747637,1.7908629,3
-8.418014,-7.9966335,0.9864111,3
-7.6710224,-8.714894,2.6240451,3
-9.097966,-6.2345014,2.4229321,3
-6.8282633,-6.5026517,3.1028855,3
-3.3039982,-2.4133554,0.11492168,3
-3.1794999,-1.6759412,0.79487497,3
-4.5872903,-2.4037786,2.336741,3
-6.205771,-5.6407394,1.4269443,3
-6.483498,-5.085284,2.4995465,3
-8.513782,-10.927136,2.27928,3
-8.7532015,-9.193734,2.681506,3
-9.835381,-6.9527617,2.1164744,3
-7.5561004,-7.728483,2.873042,3
-6.703765,-9.040505,1.9919758,3
-7.536947,-9.643845,1.6089035,3
-8.446744,-8.034941,4.2425256,3
-6.2345014,-6.8569937,3.964798,3
-9.337387,-5.631162,2.2601264,3
-5.650316,-2.7581203,1.13964,3
-0.9768343,-1.8770541,1.292869,3
-3.5817258,-1.3790601,2.5187001,3
-5.6982,-5.363012,2.5761611,3
-4.663905,-3.2848446,2.231396,3
-7.967903,-10.237606,1.8387469,3
-7.9008656,-11.932701,2.27928,3
-10.237606,-8.312668,1.4173675,3
-10.6398325,-7.1155677,1.2354081,3
-7.3166804,-7.8912888,3.3614593,3
-5.9759274,-9.519346,2.5953147,3
-6.742072,-8.312668,1.5131354,3
-9.653421,-7.6710224,1.6950948,3
-8.772355,-6.38773,2.1068976,3
-7.8146744,-7.833828,2.2601264,3
-4.1371803,-3.1316159,1.2545617,3
-0.89064306,-0.8810662,1.2641385,3
-2.135628,-0.9959879,2.5761611,3
-5.6982,-5.6407394,2.6719291,3
-7.0485296,-6.799533,2.135628,3
-7.8529816,-8.063671,2.6144683,3
-8.810662,-8.686164,2.8443117,3
-6.9048777,-12.373235,2.9496565,3
-9.260772,-7.029376,4.3478703,3
-7.1634517,-6.349423,1.532289,3
-6.6750345,-10.247183,2.2409728,3
-7.5848308,-8.0445175,2.96881,3
-8.379706,-7.4124484,1.7812861,3
-8.734048,-7.651869,1.9536686,3
-7.2592196,-5.755661,2.3942018,3
-3.5817258,-3.083732,0.11492168,3
-2.4995465,-0.7086837,1.7238252,3
-5.717354,-3.6774938,3.016694,3
-5.535394,-4.1371803,2.681506,3
-6.090849,-7.3071036,2.2601264,3
-8.561666,-12.047623,1.8962077,3
-8.743625,-8.456321,1.3311762,3
-9.730036,-6.7612257,3.0933087,3
-7.5465236,-9.797073,3.6391866,3
-6.3781533,-7.52737,0.7278373,3
-6.3206925,-9.519346,2.336741,3
-6.3589997,-6.7133417,3.2561142,3
-9.040505,-8.676587,2.767697,3
-8.226477,-6.7133417,2.7006595,3
-5.535394,-5.2959743,1.541866,3
-0.6799533,-1.6376339,1.283292,3
-3.2944214,-3.0358477,1.7812861,3
-3.7732618,-3.6008794,2.6240451,3
-5.8322754,-6.196194,0.7086837,3
-9.414001,-11.616667,3.016694,3
-8.063671,-10.496181,2.4229321,3
-11.405977,-4.405331,0.6703765,3
-7.5561004,-8.552089,2.1547816,3
-6.38773,-10.199299,2.5091233,3
-5.841852,-8.590396,1.1875241,3
-9.615114,-7.3549876,2.566584,3
-5.3438582,-7.479486,2.8443117,3
-11.377247,-8.580819,1.6376339,3
-5.9663506,-3.6008794,2.135628,3
-2.3558946,-3.2082303,0.58418524,3
-4.807557,-2.9400797,1.5801731,3
-4.673482,-3.6487634,3.2752678,3
-4.1180267,-3.3901896,1.7717092,3
-7.642292,-7.9104424,1.7812861,3
-8.724471,-10.381259,2.9783869,3
-8.207323,-9.030929,2.3463178,3
-9.270349,-8.00621,3.1028855,3
-7.8625584,-9.519346,2.7006595,3
-5.7748146,-9.193734,2.9400797,3
-6.483498,-7.9966335,2.0494366,3
-9.346964,-8.149862,3.169923,3
-8.781932,-7.9583263,2.7102363,3
-8.6095495,-7.536947,1.7142484,3
-2.7485435,-2.384625,-0.51714754,3
-4.146757,-2.231396,1.4077905,3
-3.514688,-2.6240451,2.2697031,3
-5.9184666,-3.620033,2.2409728,3
-7.2592196,-7.3166804,0.842759,3
-9.509769,-9.691729,1.5035586,3
-9.576807,-9.414001,3.1890767,3
-6.5696893,-7.9966335,3.620033,3
-7.2687964,-7.192182,2.6719291,3
-6.655881,-10.25676,2.566584,3
-7.335834,-8.331821,2.0973208,3
-7.632715,-5.889736,1.8770541,3
-8.6095495,-7.5561004,3.2369606,3
-10.036493,-9.030929,1.6950948,3
-4.8745947,-2.7868507,-0.32561144,3
-0.15322891,-1.0726024,2.767697,3
-3.2369606,-2.4612393,2.7006595,3
-6.244078,-4.817134,2.8538885,3
-5.48751,-5.4683566,1.7429788,3
-8.274361,-8.983045,1.733402,3
-8.130709,-10.333375,1.5035586,3
-10.141838,-8.6574335,1.8195933,3
-8.475474,-6.847417,3.5051112,3
-6.397307,-7.7189064,2.7006595,3
-6.7133417,-10.716447,2.0973208,3
-7.192182,-6.339846,2.5570073,3
-7.038953,-6.301539,2.681506,3
-9.308656,-8.504205,2.7006595,3
-7.393295,-4.4819455,2.5187001,3
-3.3327289,-3.7541082,0.009576807,3
-2.1930888,-1.4269443,0.16280572,3
-5.2385135,-4.4340615,1.8770541,3
-5.4204726,-4.3478703,1.283292,3
-7.651869,-7.6710224,1.4269443,3
-8.676587,-10.065224,1.8866309,3
-8.054094,-8.504205,1.9536686,3
-11.099519,-9.222465,2.834735,3
-7.9966335,-8.418014,3.6870706,3
-6.579266,-9.11712,1.8004397,3
-6.7612257,-7.3071036,2.6431987,3
-9.816227,-8.494628,2.27928,3
-8.494628,-7.5465236,2.9113493,3
-7.824251,-6.5601125,1.7812861,3
-2.4420857,-3.5338416,-0.18195933,3
-2.96881,-0.8523358,1.091756,3
-4.8267107,-3.466804,1.7908629,3
-3.9360676,-3.3039982,2.72939,3
-5.45878,-6.301539,1.3503298,3
-7.795521,-10.429143,1.685518,3
-8.983045,-9.9790325,3.0550013,3
-8.858546,-7.8146744,3.6583402,3
-8.1402855,-8.762778,3.5338416,3
-8.0445175,-7.833828,2.087744,3
-6.8282633,-8.360553,2.030283,3
-7.603985,-6.7133417,2.633622,3
-9.414001,-11.166556,1.4077905,3
-9.193734,-6.033388,2.777274,3
-7.479486,-5.93762,2.078167,3
-2.6048915,-2.2122424,0.34476504,3
-1.733402,-1.2737153,1.1300632,3
-5.9280434,-4.405331,2.4995465,3
-4.3861775,-3.5242648,2.27928,3
-7.6231384,-8.839393,1.5705963,3
-7.086837,-8.676587,1.8483237,3
-8.887277,-10.007763,1.8866309,3
-9.557653,-8.063671,3.0550013,3
-7.5944076,-6.646304,2.3080103,3
-5.985504,-8.916007,1.2641385,3
-7.4507556,-9.155427,2.7102363,3
-9.030929,-6.933608,2.0590134,3
-8.6095495,-7.881712,3.371036,3
-7.8146744,-7.431602,2.8443117,3
-5.6215854,-4.8362875,1.1109096,3
-1.436521,-1.4269443,-0.038307227,3
-5.1906295,-2.087744,1.1875241,3
-6.4643445,-4.76925,2.0398598,3
-4.6926355,-3.2082303,2.1547816,3
-8.130709,-9.902418,2.0398598,3
-7.6231384,-9.998186,1.982399,3
-10.084377,-9.586384,1.340753,3
-7.469909,-4.759673,2.4516625,3
-7.680599,-10.218452,2.7868507,3
-5.631162,-9.414001,1.8674773,3
-6.349423,-7.5848308,1.4652514,3
-8.101978,-7.4507556,2.5378537,3
-6.847417,-8.101978,2.825158,3
-12.095507,-8.130709,2.2218192,3
-3.323152,-2.5474305,0.94810385,3
-2.9400797,-1.3694834,1.3120226,3
-4.146757,-3.0262709,2.2026656,3
-3.763685,-2.815581,2.1643584,3
-6.081272,-5.506664,1.8674773,3
-7.603985,-7.8529816,0.62249243,3
-8.0924015,-11.520899,3.064578,3
-5.6215854,-7.5465236,2.0207062,3
-7.795521,-11.3964,2.3750482,3
-7.0485296,-8.082825,0.2777274,3
-4.10845,-7.144298,0.39264908,3
-2.8060043,-8.619126,0.7565677,3
-5.592855,-9.3661175,1.0534488,3
-3.514688,-9.452309,0.9864111,3
-2.1164744,-7.1155677,-0.79487497,3
-2.231396,-10.668563,0.25857377,3
-3.217807,-8.485051,-0.40222588,3
-4.0892963,-8.935161,0.58418524,3
-3.4380736,-8.762778,1.2354081,3
-3.9935284,-9.040505,-0.02873042,3
-1.8579005,-9.691729,-0.545878,3
-2.5474305,-9.481039,-0.59376204,3
-3.6774938,-9.021352,0,3
-2.0111294,-9.461885,0.78529817,3
-2.834735,-9.816227,0.51714754,3
-3.620033,-8.485051,1.5514427,3
-3.9552212,-9.452309,0.60333884,3
-3.7349546,-9.969456,0.11492168,3
-3.3327289,-7.297527,0.17238252,3
-2.0685902,-7.3166804,0.08619126,3
-2.2601264,-8.973468,0.58418524,3
-2.4516625,-9.404425,0.7757214,3
-4.098873,-9.279925,-0.12449849,3
-3.122039,-11.60709,0.047884032,3
-2.384625,-9.165004,0.8619126,3
-3.572149,-9.3182335,1.5514427,3
-3.3518825,-8.63828,0.78529817,3
-3.964798,-7.3166804,-0.58418524,3
-4.5681367,-7.3166804,-0.25857377,3
-1.7429788,-8.255207,-0.9576807,3
-1.1875241,-8.743625,0.31603462,3
-2.882619,-8.954314,2.0111294,3
-3.9552212,-7.7189064,0.545878,3
-4.510676,-8.00621,-1.3024458,3
-1.7046716,-8.714894,0.58418524,3
-2.5091233,-9.797073,1.043872,3
-2.231396,-12.4785795,0.8714894,3
-3.7349546,-11.549629,0.076614454,3
-4.10845,-8.2169,0.21068975,3
-4.213795,-6.3111157,0.78529817,3
-3.7445314,-5.602432,0.8331822,3
-3.0550013,-6.9527617,-0.1436521,3
-2.1930888,-11.60709,-0.81402856,3
-1.4556746,-10.371682,0.19153613,3
-1.9440918,-6.7229185,0.076614454,3
-0.58418524,-6.1004257,0.9864111,3
-3.2561142,-8.944737,2.0494366,3
-2.9783869,-12.698846,-0.009576807,3
-4.903325,-12.947843,-2.480393,3
-4.3382936,-10.390836,1.6950948,3
-6.895301,-8.532935,2.9783869,3
-3.5338416,-8.743625,0.31603462,3
-2.5187001,-4.912902,-1.9440918,3
-2.9113493,-2.5378537,0.38307226,3
-1.6663644,-5.0661306,0.48841715,3
-1.4556746,-8.848969,-0.5554548,3
-1.934515,-9.911995,-0.10534488,3
-2.4037786,-11.511322,0.5363012,3
-2.681506,-10.955867,1.6376339,3
-4.0892963,-10.448297,2.4612393,3
-5.5737014,-13.091495,2.2984335,3
-4.7979803,-17.391481,-1.091756,3
-3.763685,-9.356541,-0.49799395,3
-3.6391866,-3.7253778,-0.7182605,3
-2.0973208,-6.033388,0.4213795,3
-1.1109096,-7.565677,0.32561144,3
-3.217807,-6.981492,-0.33518824,3
-3.6487634,-8.781932,0.15322891,3
-2.5761611,-9.662998,-0.2873042,3
-1.685518,-8.714894,1.0726024,3
-1.6184803,-8.762778,1.8195933,3
-2.4420857,-7.9583263,1.1683705,3
-4.0318356,-7.843405,0.38307226,3
-4.596867,-7.6614456,-0.60333884,3
